,LineId,Time,Level,Content
0,1,Sun Dec 04 04:47:44 2005,notice,workerEnv.init() ok /etc/httpd/conf/workers2.properties
1,2,Sun Dec 04 04:47:44 2005,error,mod_jk child workerEnv in error state 6
2,3,Sun Dec 04 04:51:08 2005,notice,jk2_init() Found child 6725 in scoreboard slot 10
3,4,Sun Dec 04 04:51:14 2005,notice,workerEnv.init() ok /etc/httpd/conf/workers2.properties
4,5,Sun Dec 04 04:51:14 2005,notice,workerEnv.init() ok /etc/httpd/conf/workers2.properties
5,6,Sun Dec 04 04:51:18 2005,error,mod_jk child workerEnv in error state 6
6,7,Sun Dec 04 04:51:18 2005,error,mod_jk child workerEnv in error state 6
7,8,Sun Dec 04 04:51:37 2005,notice,jk2_init() Found child 6736 in scoreboard slot 10
8,9,Sun Dec 04 04:51:55 2005,error,mod_jk child workerEnv in error state 6
9,10,Sun Dec 04 04:52:05 2005,notice,jk2_init() Found child 6740 in scoreboard slot 7
10,11,Sun Dec 04 04:52:05 2005,notice,jk2_init() Found child 6737 in scoreboard slot 8
11,12,Sun Dec 04 04:52:12 2005,notice,workerEnv.init() ok /etc/httpd/conf/workers2.properties
12,13,Sun Dec 04 04:52:12 2005,notice,workerEnv.init() ok /etc/httpd/conf/workers2.properties
13,14,Sun Dec 04 04:52:15 2005,error,mod_jk child workerEnv in error state 7
14,15,Sun Dec 04 04:52:52 2005,error,mod_jk child workerEnv in error state 6
15,16,Sun Dec 04 04:53:05 2005,notice,jk2_init() Found child 6750 in scoreboard slot 7
16,17,Sun Dec 04 04:53:05 2005,notice,jk2_init() Found child 6752 in scoreboard slot 10
17,18,Sun Dec 04 04:53:16 2005,error,mod_jk child workerEnv in error state 7
18,19,Sun Dec 04 04:53:16 2005,error,mod_jk child workerEnv in error state 6
19,20,Sun Dec 04 04:53:51 2005,notice,workerEnv.init() ok /etc/httpd/conf/workers2.properties
20,21,Sun Dec 04 04:54:15 2005,notice,jk2_init() Found child 6763 in scoreboard slot 10
21,22,Sun Dec 04 04:54:15 2005,notice,jk2_init() Found child 6766 in scoreboard slot 6
22,23,Sun Dec 04 04:54:18 2005,notice,workerEnv.init() ok /etc/httpd/conf/workers2.properties
23,24,Sun Dec 04 04:54:18 2005,notice,workerEnv.init() ok /etc/httpd/conf/workers2.properties
24,25,Sun Dec 04 04:54:18 2005,notice,workerEnv.init() ok /etc/httpd/conf/workers2.properties
25,26,Sun Dec 04 04:54:18 2005,error,mod_jk child workerEnv in error state 6
26,27,Sun Dec 04 04:54:18 2005,error,mod_jk child workerEnv in error state 7
27,28,Sun Dec 04 04:54:20 2005,notice,jk2_init() Found child 6768 in scoreboard slot 9
28,29,Sun Dec 04 04:56:52 2005,notice,jk2_init() Found child 8527 in scoreboard slot 10
29,30,Sun Dec 04 04:56:52 2005,notice,jk2_init() Found child 8533 in scoreboard slot 8
30,31,Sun Dec 04 04:57:20 2005,notice,jk2_init() Found child 8536 in scoreboard slot 6
31,32,Sun Dec 04 04:57:24 2005,notice,workerEnv.init() ok /etc/httpd/conf/workers2.properties
32,33,Sun Dec 04 04:57:24 2005,notice,workerEnv.init() ok /etc/httpd/conf/workers2.properties
33,34,Sun Dec 04 04:57:24 2005,error,mod_jk child workerEnv in error state 6
34,35,Sun Dec 04 04:58:11 2005,notice,workerEnv.init() ok /etc/httpd/conf/workers2.properties
35,36,Sun Dec 04 04:58:18 2005,error,mod_jk child workerEnv in error state 6
36,37,Sun Dec 04 04:58:57 2005,notice,workerEnv.init() ok /etc/httpd/conf/workers2.properties
37,38,Sun Dec 04 04:58:58 2005,error,mod_jk child workerEnv in error state 6
38,39,Sun Dec 04 04:59:35 2005,notice,workerEnv.init() ok /etc/httpd/conf/workers2.properties
39,40,Sun Dec 04 04:59:38 2005,error,mod_jk child workerEnv in error state 6
40,41,Sun Dec 04 04:59:38 2005,error,mod_jk child workerEnv in error state 6
41,42,Sun Dec 04 05:00:03 2005,notice,jk2_init() Found child 8560 in scoreboard slot 7
42,43,Sun Dec 04 05:00:09 2005,error,mod_jk child workerEnv in error state 6
43,44,Sun Dec 04 05:00:13 2005,notice,jk2_init() Found child 8565 in scoreboard slot 9
44,45,Sun Dec 04 05:00:13 2005,notice,jk2_init() Found child 8573 in scoreboard slot 10
45,46,Sun Dec 04 05:01:20 2005,notice,jk2_init() Found child 8584 in scoreboard slot 7
46,47,Sun Dec 04 05:02:14 2005,notice,jk2_init() Found child 8605 in scoreboard slot 8
47,48,Sun Dec 04 05:04:03 2005,notice,jk2_init() Found child 8744 in scoreboard slot 8
48,49,Sun Dec 04 05:04:03 2005,notice,jk2_init() Found child 8743 in scoreboard slot 7
49,50,Sun Dec 04 05:04:04 2005,error,mod_jk child workerEnv in error state 7
50,51,Sun Dec 04 05:04:04 2005,notice,workerEnv.init() ok /etc/httpd/conf/workers2.properties
51,52,Sun Dec 04 05:04:04 2005,error,mod_jk child workerEnv in error state 6
52,53,Sun Dec 04 05:04:04 2005,notice,workerEnv.init() ok /etc/httpd/conf/workers2.properties
53,54,Sun Dec 04 05:04:04 2005,error,mod_jk child workerEnv in error state 7
54,55,Sun Dec 04 05:04:04 2005,error,mod_jk child workerEnv in error state 6
55,56,Sun Dec 04 05:04:04 2005,notice,workerEnv.init() ok /etc/httpd/conf/workers2.properties
56,57,Sun Dec 04 05:12:10 2005,error,mod_jk child workerEnv in error state 6
57,58,Sun Dec 04 05:12:26 2005,notice,jk2_init() Found child 25798 in scoreboard slot 7
58,59,Sun Dec 04 05:12:28 2005,notice,workerEnv.init() ok /etc/httpd/conf/workers2.properties
59,60,Sun Dec 04 05:12:28 2005,error,mod_jk child workerEnv in error state 6
60,61,Sun Dec 04 05:12:30 2005,notice,jk2_init() Found child 25805 in scoreboard slot 9
61,62,Sun Dec 04 05:12:30 2005,notice,workerEnv.init() ok /etc/httpd/conf/workers2.properties
62,63,Sun Dec 04 05:15:09 2005,error,[client 222.166.160.184] Directory index forbidden by rule: /var/www/html/
63,64,Sun Dec 04 05:15:13 2005,notice,jk2_init() Found child 1000 in scoreboard slot 10
64,65,Sun Dec 04 05:15:16 2005,error,mod_jk child workerEnv in error state 6
65,66,Sun Dec 04 06:01:00 2005,notice,jk2_init() Found child 32348 in scoreboard slot 7
66,67,Sun Dec 04 06:01:21 2005,notice,workerEnv.init() ok /etc/httpd/conf/workers2.properties
67,68,Sun Dec 04 06:01:30 2005,error,mod_jk child workerEnv in error state 6
68,69,Sun Dec 04 06:01:42 2005,notice,jk2_init() Found child 32353 in scoreboard slot 10
69,70,Sun Dec 04 06:02:01 2005,notice,workerEnv.init() ok /etc/httpd/conf/workers2.properties
70,71,Sun Dec 04 06:02:02 2005,error,mod_jk child workerEnv in error state 7
71,72,Sun Dec 04 06:02:05 2005,notice,jk2_init() Found child 32359 in scoreboard slot 9
72,73,Sun Dec 04 06:02:05 2005,notice,jk2_init() Found child 32360 in scoreboard slot 11
73,74,Sun Dec 04 06:02:07 2005,notice,workerEnv.init() ok /etc/httpd/conf/workers2.properties
74,75,Sun Dec 04 06:02:07 2005,notice,workerEnv.init() ok /etc/httpd/conf/workers2.properties
75,76,Sun Dec 04 06:02:07 2005,error,mod_jk child workerEnv in error state 6
76,77,Sun Dec 04 06:02:07 2005,notice,workerEnv.init() ok /etc/httpd/conf/workers2.properties
77,78,Sun Dec 04 06:02:07 2005,error,mod_jk child workerEnv in error state 6
78,79,Sun Dec 04 06:06:00 2005,notice,jk2_init() Found child 32387 in scoreboard slot 7
79,80,Sun Dec 04 06:06:12 2005,error,mod_jk child workerEnv in error state 6
80,81,Sun Dec 04 06:06:20 2005,notice,jk2_init() Found child 32389 in scoreboard slot 9
81,82,Sun Dec 04 06:06:24 2005,notice,jk2_init() Found child 32391 in scoreboard slot 10
82,83,Sun Dec 04 06:06:26 2005,error,mod_jk child workerEnv in error state 7
83,84,Sun Dec 04 06:06:26 2005,notice,workerEnv.init() ok /etc/httpd/conf/workers2.properties
84,85,Sun Dec 04 06:06:26 2005,error,mod_jk child workerEnv in error state 6
85,86,Sun Dec 04 06:06:26 2005,notice,workerEnv.init() ok /etc/httpd/conf/workers2.properties
86,87,Sun Dec 04 06:11:11 2005,notice,jk2_init() Found child 32410 in scoreboard slot 7
87,88,Sun Dec 04 06:12:31 2005,notice,jk2_init() Found child 32422 in scoreboard slot 8
88,89,Sun Dec 04 06:12:31 2005,notice,jk2_init() Found child 32419 in scoreboard slot 6
89,90,Sun Dec 04 06:12:31 2005,notice,jk2_init() Found child 32421 in scoreboard slot 11
90,91,Sun Dec 04 06:12:31 2005,notice,jk2_init() Found child 32420 in scoreboard slot 7
91,92,Sun Dec 04 06:12:37 2005,notice,workerEnv.init() ok /etc/httpd/conf/workers2.properties
92,93,Sun Dec 04 06:12:37 2005,notice,workerEnv.init() ok /etc/httpd/conf/workers2.properties
93,94,Sun Dec 04 06:12:37 2005,notice,workerEnv.init() ok /etc/httpd/conf/workers2.properties
94,95,Sun Dec 04 06:13:01 2005,notice,workerEnv.init() ok /etc/httpd/conf/workers2.properties
95,96,Sun Dec 04 06:16:10 2005,notice,jk2_init() Found child 32434 in scoreboard slot 9
96,97,Sun Dec 04 06:16:21 2005,notice,workerEnv.init() ok /etc/httpd/conf/workers2.properties
97,98,Sun Dec 04 06:16:23 2005,error,mod_jk child workerEnv in error state 7
98,99,Sun Dec 04 06:16:21 2005,notice,jk2_init() Found child 32435 in scoreboard slot 10
99,100,Sun Dec 04 06:16:21 2005,notice,workerEnv.init() ok /etc/httpd/conf/workers2.properties
100,101,Sun Dec 04 06:16:37 2005,notice,workerEnv.init() ok /etc/httpd/conf/workers2.properties
101,102,Sun Dec 04 06:17:05 2005,error,mod_jk child workerEnv in error state 6
102,103,Sun Dec 04 06:17:23 2005,notice,jk2_init() Found child 32441 in scoreboard slot 6
103,104,Sun Dec 04 06:17:33 2005,notice,workerEnv.init() ok /etc/httpd/conf/workers2.properties
104,105,Sun Dec 04 06:17:35 2005,error,mod_jk child workerEnv in error state 6
105,106,Sun Dec 04 06:17:55 2005,notice,jk2_init() Found child 32442 in scoreboard slot 7
106,107,Sun Dec 04 06:17:55 2005,notice,jk2_init() Found child 32443 in scoreboard slot 8
107,108,Sun Dec 04 06:17:55 2005,notice,jk2_init() Found child 32444 in scoreboard slot 9
108,109,Sun Dec 04 06:18:08 2005,notice,workerEnv.init() ok /etc/httpd/conf/workers2.properties
109,110,Sun Dec 04 06:18:11 2005,error,mod_jk child workerEnv in error state 7
110,111,Sun Dec 04 06:18:12 2005,notice,jk2_init() Found child 32445 in scoreboard slot 10
111,112,Sun Dec 04 06:18:31 2005,error,mod_jk child workerEnv in error state 6
112,113,Sun Dec 04 06:18:40 2005,notice,jk2_init() Found child 32448 in scoreboard slot 8
113,114,Sun Dec 04 06:18:55 2005,error,mod_jk child workerEnv in error state 7
114,115,Sun Dec 04 06:19:05 2005,notice,jk2_init() Found child 32449 in scoreboard slot 9
115,116,Sun Dec 04 06:19:15 2005,notice,workerEnv.init() ok /etc/httpd/conf/workers2.properties
116,117,Sun Dec 04 06:19:19 2005,notice,jk2_init() Found child 32452 in scoreboard slot 7
117,118,Sun Dec 04 06:19:19 2005,notice,jk2_init() Found child 32451 in scoreboard slot 6
118,119,Sun Dec 04 06:19:31 2005,notice,workerEnv.init() ok /etc/httpd/conf/workers2.properties
119,120,Sun Dec 04 06:19:56 2005,notice,jk2_init() Found child 32453 in scoreboard slot 8
120,121,Sun Dec 04 06:20:30 2005,notice,jk2_init() Found child 32467 in scoreboard slot 9
121,122,Sun Dec 04 06:20:30 2005,notice,jk2_init() Found child 32464 in scoreboard slot 8
122,123,Sun Dec 04 06:20:30 2005,notice,jk2_init() Found child 32465 in scoreboard slot 7
123,124,Sun Dec 04 06:20:44 2005,notice,workerEnv.init() ok /etc/httpd/conf/workers2.properties
124,125,Sun Dec 04 06:20:46 2005,error,mod_jk child workerEnv in error state 6
125,126,Sun Dec 04 06:20:46 2005,error,mod_jk child workerEnv in error state 7
126,127,Sun Dec 04 06:22:18 2005,notice,jk2_init() Found child 32475 in scoreboard slot 8
127,128,Sun Dec 04 06:22:48 2005,notice,jk2_init() Found child 32477 in scoreboard slot 10
128,129,Sun Dec 04 06:22:48 2005,notice,jk2_init() Found child 32479 in scoreboard slot 6
129,130,Sun Dec 04 06:22:48 2005,notice,jk2_init() Found child 32480 in scoreboard slot 8
130,131,Sun Dec 04 06:22:48 2005,notice,jk2_init() Found child 32476 in scoreboard slot 7
131,132,Sun Dec 04 06:22:53 2005,notice,workerEnv.init() ok /etc/httpd/conf/workers2.properties
132,133,Sun Dec 04 06:22:53 2005,notice,workerEnv.init() ok /etc/httpd/conf/workers2.properties
133,134,Sun Dec 04 06:22:55 2005,error,mod_jk child workerEnv in error state 6
134,135,Sun Dec 04 06:22:55 2005,error,mod_jk child workerEnv in error state 8
135,136,Sun Dec 04 06:23:12 2005,notice,jk2_init() Found child 32483 in scoreboard slot 7
136,137,Sun Dec 04 06:23:15 2005,notice,workerEnv.init() ok /etc/httpd/conf/workers2.properties
137,138,Sun Dec 04 06:36:07 2005,notice,jk2_init() Found child 32528 in scoreboard slot 10
138,139,Sun Dec 04 06:36:10 2005,error,mod_jk child workerEnv in error state 6
139,140,Sun Dec 04 06:36:10 2005,notice,workerEnv.init() ok /etc/httpd/conf/workers2.properties
140,141,Sun Dec 04 06:40:55 2005,notice,jk2_init() Found child 32547 in scoreboard slot 7
141,142,Sun Dec 04 06:41:08 2005,error,mod_jk child workerEnv in error state 6
142,143,Sun Dec 04 06:41:29 2005,notice,jk2_init() Found child 32550 in scoreboard slot 6
143,144,Sun Dec 04 06:41:45 2005,notice,workerEnv.init() ok /etc/httpd/conf/workers2.properties
144,145,Sun Dec 04 06:41:45 2005,notice,workerEnv.init() ok /etc/httpd/conf/workers2.properties
145,146,Sun Dec 04 06:42:11 2005,notice,jk2_init() Found child 32552 in scoreboard slot 7
146,147,Sun Dec 04 06:42:23 2005,notice,jk2_init() Found child 32554 in scoreboard slot 10
147,148,Sun Dec 04 06:42:23 2005,notice,jk2_init() Found child 32553 in scoreboard slot 9
148,149,Sun Dec 04 06:42:30 2005,error,mod_jk child workerEnv in error state 6
149,150,Sun Dec 04 06:42:58 2005,error,mod_jk child workerEnv in error state 6
150,151,Sun Dec 04 06:43:20 2005,notice,jk2_init() Found child 32556 in scoreboard slot 8
151,152,Sun Dec 04 06:43:20 2005,notice,jk2_init() Found child 32555 in scoreboard slot 6
152,153,Sun Dec 04 06:43:20 2005,notice,jk2_init() Found child 32557 in scoreboard slot 7
153,154,Sun Dec 04 06:43:34 2005,notice,workerEnv.init() ok /etc/httpd/conf/workers2.properties
154,155,Sun Dec 04 06:43:34 2005,notice,workerEnv.init() ok /etc/httpd/conf/workers2.properties
155,156,Sun Dec 04 06:43:40 2005,error,mod_jk child workerEnv in error state 6
156,157,Sun Dec 04 06:43:56 2005,notice,jk2_init() Found child 32558 in scoreboard slot 9
157,158,Sun Dec 04 06:44:18 2005,notice,jk2_init() Found child 32560 in scoreboard slot 6
158,159,Sun Dec 04 06:44:39 2005,notice,jk2_init() Found child 32563 in scoreboard slot 9
159,160,Sun Dec 04 06:44:39 2005,notice,jk2_init() Found child 32564 in scoreboard slot 10
160,161,Sun Dec 04 06:44:39 2005,notice,jk2_init() Found child 32565 in scoreboard slot 11
161,162,Sun Dec 04 06:45:32 2005,notice,jk2_init() Found child 32575 in scoreboard slot 6
162,163,Sun Dec 04 06:45:32 2005,notice,jk2_init() Found child 32576 in scoreboard slot 7
163,164,Sun Dec 04 06:45:32 2005,notice,jk2_init() Found child 32569 in scoreboard slot 9
164,165,Sun Dec 04 06:45:32 2005,notice,jk2_init() Found child 32572 in scoreboard slot 10
165,166,Sun Dec 04 06:45:32 2005,notice,jk2_init() Found child 32577 in scoreboard slot 11
166,167,Sun Dec 04 06:45:50 2005,notice,workerEnv.init() ok /etc/httpd/conf/workers2.properties
167,168,Sun Dec 04 06:46:30 2005,notice,workerEnv.init() ok /etc/httpd/conf/workers2.properties
168,169,Sun Dec 04 06:46:31 2005,error,mod_jk child workerEnv in error state 7
169,170,Sun Dec 04 06:46:32 2005,notice,jk2_init() Found child 32584 in scoreboard slot 9
170,171,Sun Dec 04 06:46:32 2005,notice,jk2_init() Found child 32583 in scoreboard slot 8
171,172,Sun Dec 04 06:46:34 2005,notice,workerEnv.init() ok /etc/httpd/conf/workers2.properties
172,173,Sun Dec 04 06:46:34 2005,error,mod_jk child workerEnv in error state 10
173,174,Sun Dec 04 06:47:30 2005,notice,jk2_init() Found child 32587 in scoreboard slot 10
174,175,Sun Dec 04 06:47:30 2005,notice,jk2_init() Found child 32586 in scoreboard slot 7
175,176,Sun Dec 04 06:47:38 2005,notice,workerEnv.init() ok /etc/httpd/conf/workers2.properties
176,177,Sun Dec 04 06:47:39 2005,notice,workerEnv.init() ok /etc/httpd/conf/workers2.properties
177,178,Sun Dec 04 06:48:48 2005,notice,jk2_init() Found child 32597 in scoreboard slot 10
178,179,Sun Dec 04 06:49:06 2005,notice,jk2_init() Found child 32600 in scoreboard slot 9
179,180,Sun Dec 04 06:49:06 2005,notice,jk2_init() Found child 32601 in scoreboard slot 7
180,181,Sun Dec 04 06:49:23 2005,notice,workerEnv.init() ok /etc/httpd/conf/workers2.properties
181,182,Sun Dec 04 06:49:24 2005,error,mod_jk child workerEnv in error state 8
182,183,Sun Dec 04 06:51:13 2005,notice,jk2_init() Found child 32622 in scoreboard slot 7
183,184,Sun Dec 04 06:51:14 2005,notice,jk2_init() Found child 32623 in scoreboard slot 11
184,185,Sun Dec 04 06:51:13 2005,notice,jk2_init() Found child 32624 in scoreboard slot 8
185,186,Sun Dec 04 06:51:13 2005,notice,jk2_init() Found child 32621 in scoreboard slot 9
186,187,Sun Dec 04 06:51:23 2005,notice,workerEnv.init() ok /etc/httpd/conf/workers2.properties
187,188,Sun Dec 04 06:51:23 2005,notice,workerEnv.init() ok /etc/httpd/conf/workers2.properties
188,189,Sun Dec 04 06:51:23 2005,error,mod_jk child workerEnv in error state 6
189,190,Sun Dec 04 06:51:26 2005,notice,workerEnv.init() ok /etc/httpd/conf/workers2.properties
190,191,Sun Dec 04 06:52:14 2005,notice,workerEnv.init() ok /etc/httpd/conf/workers2.properties
191,192,Sun Dec 04 06:52:15 2005,error,mod_jk child workerEnv in error state 6
192,193,Sun Dec 04 06:52:27 2005,notice,jk2_init() Found child 32630 in scoreboard slot 8
193,194,Sun Dec 04 06:52:39 2005,notice,workerEnv.init() ok /etc/httpd/conf/workers2.properties
194,195,Sun Dec 04 06:52:41 2005,error,mod_jk child workerEnv in error state 6
195,196,Sun Dec 04 06:53:04 2005,notice,jk2_init() Found child 32634 in scoreboard slot 11
196,197,Sun Dec 04 06:53:04 2005,notice,jk2_init() Found child 32632 in scoreboard slot 7
197,198,Sun Dec 04 06:53:26 2005,error,mod_jk child workerEnv in error state 6
198,199,Sun Dec 04 06:53:38 2005,notice,jk2_init() Found child 32636 in scoreboard slot 6
199,200,Sun Dec 04 06:53:37 2005,notice,jk2_init() Found child 32638 in scoreboard slot 9
200,201,Sun Dec 04 06:54:04 2005,notice,jk2_init() Found child 32640 in scoreboard slot 8
201,202,Sun Dec 04 06:54:04 2005,notice,jk2_init() Found child 32642 in scoreboard slot 7
202,203,Sun Dec 04 06:54:35 2005,notice,jk2_init() Found child 32646 in scoreboard slot 6
203,204,Sun Dec 04 06:55:00 2005,notice,jk2_init() Found child 32652 in scoreboard slot 7
204,205,Sun Dec 04 06:55:00 2005,notice,jk2_init() Found child 32649 in scoreboard slot 10
205,206,Sun Dec 04 06:55:00 2005,notice,jk2_init() Found child 32651 in scoreboard slot 6
206,207,Sun Dec 04 06:55:19 2005,notice,workerEnv.init() ok /etc/httpd/conf/workers2.properties
207,208,Sun Dec 04 06:55:19 2005,notice,workerEnv.init() ok /etc/httpd/conf/workers2.properties
208,209,Sun Dec 04 06:55:23 2005,error,mod_jk child workerEnv in error state 6
209,210,Sun Dec 04 06:55:23 2005,error,mod_jk child workerEnv in error state 9
210,211,Sun Dec 04 06:55:55 2005,notice,jk2_init() Found child 32660 in scoreboard slot 6
211,212,Sun Dec 04 06:55:54 2005,notice,jk2_init() Found child 32658 in scoreboard slot 10
212,213,Sun Dec 04 06:55:54 2005,notice,jk2_init() Found child 32657 in scoreboard slot 9
213,214,Sun Dec 04 06:56:37 2005,notice,jk2_init() Found child 32663 in scoreboard slot 10
214,215,Sun Dec 04 06:57:19 2005,notice,jk2_init() Found child 32667 in scoreboard slot 9
215,216,Sun Dec 04 06:57:19 2005,notice,jk2_init() Found child 32671 in scoreboard slot 7
216,217,Sun Dec 04 06:57:23 2005,error,mod_jk child workerEnv in error state 6
217,218,Sun Dec 04 06:57:23 2005,error,mod_jk child workerEnv in error state 8
218,219,Sun Dec 04 06:58:12 2005,notice,jk2_init() Found child 32674 in scoreboard slot 8
219,220,Sun Dec 04 06:58:27 2005,notice,jk2_init() Found child 32675 in scoreboard slot 6
220,221,Sun Dec 04 06:58:28 2005,notice,workerEnv.init() ok /etc/httpd/conf/workers2.properties
221,222,Sun Dec 04 06:58:29 2005,error,mod_jk child workerEnv in error state 6
222,223,Sun Dec 04 06:58:51 2005,notice,workerEnv.init() ok /etc/httpd/conf/workers2.properties
223,224,Sun Dec 04 06:58:54 2005,notice,jk2_init() Found child 32677 in scoreboard slot 7
224,225,Sun Dec 04 06:58:54 2005,notice,jk2_init() Found child 32676 in scoreboard slot 9
225,226,Sun Dec 04 06:59:28 2005,notice,jk2_init() Found child 32679 in scoreboard slot 8
226,227,Sun Dec 04 06:59:28 2005,notice,jk2_init() Found child 32680 in scoreboard slot 6
227,228,Sun Dec 04 06:59:34 2005,notice,jk2_init() Found child 32682 in scoreboard slot 7
228,229,Sun Dec 04 06:59:45 2005,notice,workerEnv.init() ok /etc/httpd/conf/workers2.properties
229,230,Sun Dec 04 06:59:47 2005,error,mod_jk child workerEnv in error state 8
230,231,Sun Dec 04 06:59:59 2005,notice,jk2_init() Found child 32683 in scoreboard slot 10
231,232,Sun Dec 04 07:00:06 2005,notice,jk2_init() Found child 32685 in scoreboard slot 6
232,233,Sun Dec 04 07:00:32 2005,notice,jk2_init() Found child 32688 in scoreboard slot 11
233,234,Sun Dec 04 07:00:32 2005,notice,jk2_init() Found child 32695 in scoreboard slot 8
234,235,Sun Dec 04 07:01:55 2005,notice,jk2_init() Found child 32711 in scoreboard slot 10
235,236,Sun Dec 04 07:01:55 2005,notice,jk2_init() Found child 32708 in scoreboard slot 7
236,237,Sun Dec 04 07:01:55 2005,notice,jk2_init() Found child 32710 in scoreboard slot 9
237,238,Sun Dec 04 07:01:55 2005,notice,jk2_init() Found child 32709 in scoreboard slot 8
238,239,Sun Dec 04 07:01:57 2005,notice,jk2_init() Found child 32712 in scoreboard slot 6
239,240,Sun Dec 04 07:02:03 2005,error,mod_jk child workerEnv in error state 8
240,241,Sun Dec 04 07:02:03 2005,error,mod_jk child workerEnv in error state 6
241,242,Sun Dec 04 07:02:52 2005,notice,jk2_init() Found child 32713 in scoreboard slot 7
242,243,Sun Dec 04 07:03:23 2005,notice,jk2_init() Found child 32717 in scoreboard slot 10
243,244,Sun Dec 04 07:04:55 2005,notice,jk2_init() Found child 32731 in scoreboard slot 8
244,245,Sun Dec 04 07:07:23 2005,notice,jk2_init() Found child 32758 in scoreboard slot 7
245,246,Sun Dec 04 07:07:30 2005,notice,workerEnv.init() ok /etc/httpd/conf/workers2.properties
246,247,Sun Dec 04 07:07:30 2005,error,mod_jk child workerEnv in error state 10
247,248,Sun Dec 04 07:08:02 2005,notice,jk2_init() Found child 32762 in scoreboard slot 9
248,249,Sun Dec 04 07:08:02 2005,notice,jk2_init() Found child 32763 in scoreboard slot 10
249,250,Sun Dec 04 07:08:04 2005,error,mod_jk child workerEnv in error state 7
250,251,Sun Dec 04 07:08:04 2005,notice,workerEnv.init() ok /etc/httpd/conf/workers2.properties
251,252,Sun Dec 04 07:08:04 2005,error,mod_jk child workerEnv in error state 6
252,253,Sun Dec 04 07:08:04 2005,notice,workerEnv.init() ok /etc/httpd/conf/workers2.properties
253,254,Sun Dec 04 07:11:04 2005,notice,jk2_init() Found child 309 in scoreboard slot 7
254,255,Sun Dec 04 07:11:13 2005,notice,workerEnv.init() ok /etc/httpd/conf/workers2.properties
255,256,Sun Dec 04 07:12:22 2005,notice,jk2_init() Found child 312 in scoreboard slot 10
256,257,Sun Dec 04 07:12:22 2005,notice,jk2_init() Found child 313 in scoreboard slot 8
257,258,Sun Dec 04 07:12:40 2005,notice,workerEnv.init() ok /etc/httpd/conf/workers2.properties
258,259,Sun Dec 04 07:12:44 2005,error,mod_jk child workerEnv in error state 6
259,260,Sun Dec 04 07:13:09 2005,notice,jk2_init() Found child 314 in scoreboard slot 7
260,261,Sun Dec 04 07:13:10 2005,notice,jk2_init() Found child 316 in scoreboard slot 9
261,262,Sun Dec 04 07:13:36 2005,notice,workerEnv.init() ok /etc/httpd/conf/workers2.properties
262,263,Sun Dec 04 07:13:41 2005,error,mod_jk child workerEnv in error state 6
263,264,Sun Dec 04 07:13:41 2005,error,mod_jk child workerEnv in error state 6
264,265,Sun Dec 04 07:14:07 2005,notice,jk2_init() Found child 319 in scoreboard slot 7
265,266,Sun Dec 04 07:14:21 2005,notice,workerEnv.init() ok /etc/httpd/conf/workers2.properties
266,267,Sun Dec 04 07:14:29 2005,error,mod_jk child workerEnv in error state 7
267,268,Sun Dec 04 07:15:09 2005,notice,jk2_init() Found child 324 in scoreboard slot 11
268,269,Sun Dec 04 07:17:56 2005,notice,jk2_init() Found child 353 in scoreboard slot 12
269,270,Sun Dec 04 07:17:56 2005,notice,jk2_init() Found child 349 in scoreboard slot 8
270,271,Sun Dec 04 07:17:56 2005,notice,jk2_init() Found child 348 in scoreboard slot 7
271,272,Sun Dec 04 07:18:00 2005,notice,workerEnv.init() ok /etc/httpd/conf/workers2.properties
272,273,Sun Dec 04 07:18:00 2005,error,mod_jk child workerEnv in error state 6
273,274,Sun Dec 04 07:18:00 2005,error,mod_jk child workerEnv in error state 7
274,275,Sun Dec 04 07:18:00 2005,notice,workerEnv.init() ok /etc/httpd/conf/workers2.properties
275,276,Sun Dec 04 07:18:00 2005,error,mod_jk child workerEnv in error state 7
276,277,Sun Dec 04 07:18:00 2005,error,mod_jk child workerEnv in error state 6
277,278,Sun Dec 04 09:35:12 2005,error,[client 207.203.80.15] Directory index forbidden by rule: /var/www/html/
278,279,Sun Dec 04 11:42:43 2005,error,[client 216.127.124.16] Directory index forbidden by rule: /var/www/html/
279,280,Sun Dec 04 16:24:06 2005,notice,workerEnv.init() ok /etc/httpd/conf/workers2.properties
280,281,Sun Dec 04 16:32:58 2005,notice,jk2_init() Found child 1254 in scoreboard slot 7
281,282,Sun Dec 04 16:32:58 2005,notice,jk2_init() Found child 1256 in scoreboard slot 6
282,283,Sun Dec 04 16:32:58 2005,notice,jk2_init() Found child 1255 in scoreboard slot 8
283,284,Sun Dec 04 16:35:49 2005,notice,jk2_init() Found child 1262 in scoreboard slot 9
284,285,Sun Dec 04 16:41:15 2005,notice,jk2_init() Found child 1275 in scoreboard slot 6
285,286,Sun Dec 04 16:41:16 2005,notice,jk2_init() Found child 1276 in scoreboard slot 9
286,287,Sun Dec 04 16:41:22 2005,notice,jk2_init() Found child 1277 in scoreboard slot 7
287,288,Sun Dec 04 16:41:22 2005,notice,jk2_init() Found child 1278 in scoreboard slot 8
288,289,Sun Dec 04 16:41:22 2005,notice,workerEnv.init() ok /etc/httpd/conf/workers2.properties
289,290,Sun Dec 04 16:41:22 2005,error,mod_jk child workerEnv in error state 6
290,291,Sun Dec 04 16:41:22 2005,error,mod_jk child workerEnv in error state 6
291,292,Sun Dec 04 16:45:52 2005,notice,jk2_init() Found child 1283 in scoreboard slot 6
292,293,Sun Dec 04 16:45:52 2005,notice,jk2_init() Found child 1284 in scoreboard slot 9
293,294,Sun Dec 04 16:46:09 2005,notice,workerEnv.init() ok /etc/httpd/conf/workers2.properties
294,295,Sun Dec 04 16:46:13 2005,error,mod_jk child workerEnv in error state 6
295,296,Sun Dec 04 16:46:45 2005,notice,jk2_init() Found child 1288 in scoreboard slot 9
296,297,Sun Dec 04 16:47:11 2005,notice,jk2_init() Found child 1291 in scoreboard slot 6
297,298,Sun Dec 04 16:47:59 2005,notice,jk2_init() Found child 1298 in scoreboard slot 8
298,299,Sun Dec 04 16:47:59 2005,notice,jk2_init() Found child 1299 in scoreboard slot 9
299,300,Sun Dec 04 16:48:01 2005,error,mod_jk child workerEnv in error state 8
300,301,Sun Dec 04 16:48:01 2005,error,mod_jk child workerEnv in error state 7
301,302,Sun Dec 04 16:48:01 2005,notice,workerEnv.init() ok /etc/httpd/conf/workers2.properties
302,303,Sun Dec 04 16:48:01 2005,error,mod_jk child workerEnv in error state 6
303,304,Sun Dec 04 16:50:53 2005,notice,jk2_init() Found child 1308 in scoreboard slot 6
304,305,Sun Dec 04 16:51:26 2005,notice,jk2_init() Found child 1313 in scoreboard slot 6
305,306,Sun Dec 04 16:51:26 2005,notice,jk2_init() Found child 1312 in scoreboard slot 10
306,307,Sun Dec 04 16:52:45 2005,notice,jk2_init() Found child 1321 in scoreboard slot 9
307,308,Sun Dec 04 16:52:45 2005,notice,jk2_init() Found child 1322 in scoreboard slot 10
308,309,Sun Dec 04 16:52:46 2005,notice,jk2_init() Found child 1324 in scoreboard slot 7
309,310,Sun Dec 04 16:52:49 2005,notice,workerEnv.init() ok /etc/httpd/conf/workers2.properties
310,311,Sun Dec 04 16:52:49 2005,notice,workerEnv.init() ok /etc/httpd/conf/workers2.properties
311,312,Sun Dec 04 16:52:49 2005,error,mod_jk child workerEnv in error state 6
312,313,Sun Dec 04 16:52:49 2005,error,mod_jk child workerEnv in error state 7
313,314,Sun Dec 04 16:52:49 2005,error,mod_jk child workerEnv in error state 6
314,315,Sun Dec 04 16:56:25 2005,notice,jk2_init() Found child 1338 in scoreboard slot 7
315,316,Sun Dec 04 16:56:25 2005,notice,jk2_init() Found child 1336 in scoreboard slot 10
316,317,Sun Dec 04 16:56:25 2005,notice,jk2_init() Found child 1337 in scoreboard slot 6
317,318,Sun Dec 04 16:56:27 2005,error,mod_jk child workerEnv in error state 6
318,319,Sun Dec 04 16:56:27 2005,notice,workerEnv.init() ok /etc/httpd/conf/workers2.properties
319,320,Sun Dec 04 16:56:27 2005,notice,workerEnv.init() ok /etc/httpd/conf/workers2.properties
320,321,Sun Dec 04 16:56:27 2005,error,mod_jk child workerEnv in error state 6
321,322,Sun Dec 04 16:56:27 2005,notice,workerEnv.init() ok /etc/httpd/conf/workers2.properties
322,323,Sun Dec 04 16:56:27 2005,error,mod_jk child workerEnv in error state 6
323,324,Sun Dec 04 17:01:43 2005,notice,jk2_init() Found child 1356 in scoreboard slot 6
324,325,Sun Dec 04 17:01:47 2005,notice,workerEnv.init() ok /etc/httpd/conf/workers2.properties
325,326,Sun Dec 04 17:01:47 2005,error,mod_jk child workerEnv in error state 6
326,327,Sun Dec 04 17:01:47 2005,notice,workerEnv.init() ok /etc/httpd/conf/workers2.properties
327,328,Sun Dec 04 17:01:47 2005,error,mod_jk child workerEnv in error state 6
328,329,Sun Dec 04 17:01:47 2005,error,mod_jk child workerEnv in error state 6
329,330,Sun Dec 04 17:01:47 2005,notice,workerEnv.init() ok /etc/httpd/conf/workers2.properties
330,331,Sun Dec 04 17:05:45 2005,notice,jk2_init() Found child 1375 in scoreboard slot 9
331,332,Sun Dec 04 17:05:48 2005,notice,workerEnv.init() ok /etc/httpd/conf/workers2.properties
332,333,Sun Dec 04 17:05:48 2005,error,mod_jk child workerEnv in error state 6
333,334,Sun Dec 04 17:05:48 2005,error,mod_jk child workerEnv in error state 6
334,335,Sun Dec 04 17:05:48 2005,error,mod_jk child workerEnv in error state 6
335,336,Sun Dec 04 17:11:37 2005,notice,jk2_init() Found child 1388 in scoreboard slot 8
336,337,Sun Dec 04 17:12:42 2005,notice,jk2_init() Found child 1393 in scoreboard slot 8
337,338,Sun Dec 04 17:12:50 2005,notice,jk2_init() Found child 1395 in scoreboard slot 10
338,339,Sun Dec 04 17:12:50 2005,notice,jk2_init() Found child 1396 in scoreboard slot 6
339,340,Sun Dec 04 17:12:54 2005,notice,workerEnv.init() ok /etc/httpd/conf/workers2.properties
340,341,Sun Dec 04 17:12:54 2005,notice,workerEnv.init() ok /etc/httpd/conf/workers2.properties
341,342,Sun Dec 04 17:12:57 2005,error,mod_jk child workerEnv in error state 7
342,343,Sun Dec 04 17:20:38 2005,notice,jk2_init() Found child 1448 in scoreboard slot 6
343,344,Sun Dec 04 17:20:38 2005,notice,jk2_init() Found child 1439 in scoreboard slot 7
344,345,Sun Dec 04 17:20:39 2005,notice,jk2_init() Found child 1449 in scoreboard slot 10
345,346,Sun Dec 04 17:20:44 2005,notice,workerEnv.init() ok /etc/httpd/conf/workers2.properties
346,347,Sun Dec 04 17:20:44 2005,notice,workerEnv.init() ok /etc/httpd/conf/workers2.properties
347,348,Sun Dec 04 17:20:44 2005,notice,workerEnv.init() ok /etc/httpd/conf/workers2.properties
348,349,Sun Dec 04 17:20:46 2005,error,mod_jk child workerEnv in error state 6
349,350,Sun Dec 04 17:20:46 2005,error,mod_jk child workerEnv in error state 6
350,351,Sun Dec 04 17:21:04 2005,notice,workerEnv.init() ok /etc/httpd/conf/workers2.properties
351,352,Sun Dec 04 17:26:04 2005,notice,jk2_init() Found child 1461 in scoreboard slot 8
352,353,Sun Dec 04 17:27:13 2005,notice,jk2_init() Found child 1466 in scoreboard slot 8
353,354,Sun Dec 04 17:28:42 2005,notice,jk2_init() Found child 1477 in scoreboard slot 6
354,355,Sun Dec 04 17:28:41 2005,notice,jk2_init() Found child 1476 in scoreboard slot 8
355,356,Sun Dec 04 17:31:00 2005,notice,jk2_init() Found child 1501 in scoreboard slot 7
356,357,Sun Dec 04 17:31:00 2005,notice,jk2_init() Found child 1502 in scoreboard slot 6
357,358,Sun Dec 04 17:31:10 2005,notice,workerEnv.init() ok /etc/httpd/conf/workers2.properties
358,359,Sun Dec 04 17:31:10 2005,notice,workerEnv.init() ok /etc/httpd/conf/workers2.properties
359,360,Sun Dec 04 17:31:11 2005,notice,workerEnv.init() ok /etc/httpd/conf/workers2.properties
360,361,Sun Dec 04 17:31:12 2005,error,mod_jk child workerEnv in error state 9
361,362,Sun Dec 04 17:31:45 2005,notice,workerEnv.init() ok /etc/httpd/conf/workers2.properties
362,363,Sun Dec 04 17:34:57 2005,error,mod_jk child workerEnv in error state 6
363,364,Sun Dec 04 17:36:14 2005,notice,jk2_init() Found child 1513 in scoreboard slot 6
364,365,Sun Dec 04 17:37:08 2005,notice,jk2_init() Found child 1517 in scoreboard slot 7
365,366,Sun Dec 04 17:39:00 2005,notice,jk2_init() Found child 1529 in scoreboard slot 9
366,367,Sun Dec 04 17:39:00 2005,notice,jk2_init() Found child 1528 in scoreboard slot 7
367,368,Sun Dec 04 17:43:08 2005,notice,jk2_init() Found child 1565 in scoreboard slot 9
368,369,Sun Dec 04 17:43:08 2005,notice,jk2_init() Found child 1561 in scoreboard slot 6
369,370,Sun Dec 04 17:43:08 2005,notice,jk2_init() Found child 1563 in scoreboard slot 8
370,371,Sun Dec 04 17:43:12 2005,notice,workerEnv.init() ok /etc/httpd/conf/workers2.properties
371,372,Sun Dec 04 17:43:12 2005,error,mod_jk child init 1 -2
372,373,Sun Dec 04 17:43:12 2005,notice,workerEnv.init() ok /etc/httpd/conf/workers2.properties
373,374,Sun Dec 04 17:43:12 2005,error,mod_jk child workerEnv in error state 9
374,375,Sun Dec 04 17:43:12 2005,notice,workerEnv.init() ok /etc/httpd/conf/workers2.properties
375,376,Sun Dec 04 17:43:12 2005,notice,workerEnv.init() ok /etc/httpd/conf/workers2.properties
376,377,Sun Dec 04 18:24:22 2005,error,[client 125.30.38.52] Directory index forbidden by rule: /var/www/html/
377,378,Sun Dec 04 19:25:53 2005,notice,workerEnv.init() ok /etc/httpd/conf/workers2.properties
378,379,Sun Dec 04 19:32:20 2005,notice,jk2_init() Found child 1787 in scoreboard slot 9
379,380,Sun Dec 04 19:32:32 2005,notice,workerEnv.init() ok /etc/httpd/conf/workers2.properties
380,381,Sun Dec 04 19:32:33 2005,error,mod_jk child workerEnv in error state 6
381,382,Sun Dec 04 19:32:34 2005,notice,jk2_init() Found child 1790 in scoreboard slot 8
382,383,Sun Dec 04 19:32:34 2005,notice,workerEnv.init() ok /etc/httpd/conf/workers2.properties
383,384,Sun Dec 04 19:32:34 2005,error,mod_jk child workerEnv in error state 7
384,385,Sun Dec 04 19:32:34 2005,error,mod_jk child workerEnv in error state 6
385,386,Sun Dec 04 19:35:58 2005,notice,jk2_init() Found child 1798 in scoreboard slot 6
386,387,Sun Dec 04 19:36:07 2005,notice,workerEnv.init() ok /etc/httpd/conf/workers2.properties
387,388,Sun Dec 04 19:36:07 2005,error,mod_jk child workerEnv in error state 6
388,389,Sun Dec 04 19:36:07 2005,notice,workerEnv.init() ok /etc/httpd/conf/workers2.properties
389,390,Sun Dec 04 19:36:07 2005,error,mod_jk child workerEnv in error state 6
390,391,Sun Dec 04 19:41:20 2005,notice,jk2_init() Found child 1814 in scoreboard slot 7
391,392,Sun Dec 04 19:41:20 2005,notice,jk2_init() Found child 1813 in scoreboard slot 6
392,393,Sun Dec 04 19:41:21 2005,error,mod_jk child workerEnv in error state 6
393,394,Sun Dec 04 19:41:21 2005,error,mod_jk child workerEnv in error state 6
394,395,Sun Dec 04 19:41:21 2005,notice,workerEnv.init() ok /etc/httpd/conf/workers2.properties
395,396,Sun Dec 04 19:41:21 2005,error,mod_jk child workerEnv in error state 6
396,397,Sun Dec 04 19:46:13 2005,notice,workerEnv.init() ok /etc/httpd/conf/workers2.properties
397,398,Sun Dec 04 19:46:13 2005,error,mod_jk child workerEnv in error state 6
398,399,Sun Dec 04 19:46:16 2005,notice,jk2_init() Found child 1823 in scoreboard slot 8
399,400,Sun Dec 04 19:46:19 2005,notice,jk2_init() Found child 1824 in scoreboard slot 9
400,401,Sun Dec 04 19:46:20 2005,notice,workerEnv.init() ok /etc/httpd/conf/workers2.properties
401,402,Sun Dec 04 19:46:20 2005,notice,workerEnv.init() ok /etc/httpd/conf/workers2.properties
402,403,Sun Dec 04 19:50:39 2005,notice,jk2_init() Found child 1833 in scoreboard slot 7
403,404,Sun Dec 04 19:50:39 2005,notice,jk2_init() Found child 1832 in scoreboard slot 6
404,405,Sun Dec 04 19:50:51 2005,notice,workerEnv.init() ok /etc/httpd/conf/workers2.properties
405,406,Sun Dec 04 19:50:51 2005,notice,workerEnv.init() ok /etc/httpd/conf/workers2.properties
406,407,Sun Dec 04 19:50:55 2005,error,mod_jk child workerEnv in error state 6
407,408,Sun Dec 04 19:50:57 2005,notice,jk2_init() Found child 1834 in scoreboard slot 8
408,409,Sun Dec 04 19:51:16 2005,notice,workerEnv.init() ok /etc/httpd/conf/workers2.properties
409,410,Sun Dec 04 19:51:52 2005,notice,jk2_init() Found child 1837 in scoreboard slot 7
410,411,Sun Dec 04 19:51:54 2005,notice,workerEnv.init() ok /etc/httpd/conf/workers2.properties
411,412,Sun Dec 04 19:51:54 2005,error,mod_jk child workerEnv in error state 6
412,413,Sun Dec 04 19:51:54 2005,notice,workerEnv.init() ok /etc/httpd/conf/workers2.properties
413,414,Sun Dec 04 19:56:51 2005,notice,jk2_init() Found child 1852 in scoreboard slot 9
414,415,Sun Dec 04 19:56:51 2005,notice,jk2_init() Found child 1853 in scoreboard slot 7
415,416,Sun Dec 04 19:56:53 2005,notice,workerEnv.init() ok /etc/httpd/conf/workers2.properties
416,417,Sun Dec 04 19:56:53 2005,notice,workerEnv.init() ok /etc/httpd/conf/workers2.properties
417,418,Sun Dec 04 19:56:53 2005,error,mod_jk child workerEnv in error state 6
418,419,Sun Dec 04 19:56:53 2005,notice,workerEnv.init() ok /etc/httpd/conf/workers2.properties
419,420,Sun Dec 04 19:56:53 2005,error,mod_jk child workerEnv in error state 6
420,421,Sun Dec 04 19:56:53 2005,notice,workerEnv.init() ok /etc/httpd/conf/workers2.properties
421,422,Sun Dec 04 19:56:53 2005,error,mod_jk child workerEnv in error state 6
422,423,Sun Dec 04 20:01:00 2005,notice,jk2_init() Found child 1861 in scoreboard slot 8
423,424,Sun Dec 04 20:01:00 2005,notice,jk2_init() Found child 1862 in scoreboard slot 6
424,425,Sun Dec 04 20:01:30 2005,notice,jk2_init() Found child 1867 in scoreboard slot 8
425,426,Sun Dec 04 20:01:37 2005,notice,workerEnv.init() ok /etc/httpd/conf/workers2.properties
426,427,Sun Dec 04 20:01:37 2005,error,mod_jk child workerEnv in error state 6
427,428,Sun Dec 04 20:01:37 2005,error,mod_jk child workerEnv in error state 6
428,429,Sun Dec 04 20:01:37 2005,error,mod_jk child workerEnv in error state 6
429,430,Sun Dec 04 20:05:55 2005,notice,jk2_init() Found child 1887 in scoreboard slot 8
430,431,Sun Dec 04 20:05:55 2005,notice,jk2_init() Found child 1888 in scoreboard slot 6
431,432,Sun Dec 04 20:05:55 2005,notice,jk2_init() Found child 1886 in scoreboard slot 7
432,433,Sun Dec 04 20:05:59 2005,error,mod_jk child workerEnv in error state 6
433,434,Sun Dec 04 20:05:59 2005,notice,workerEnv.init() ok /etc/httpd/conf/workers2.properties
434,435,Sun Dec 04 20:05:59 2005,error,mod_jk child workerEnv in error state 6
435,436,Sun Dec 04 20:05:59 2005,notice,workerEnv.init() ok /etc/httpd/conf/workers2.properties
436,437,Sun Dec 04 20:11:09 2005,notice,jk2_init() Found child 1899 in scoreboard slot 7
437,438,Sun Dec 04 20:11:09 2005,notice,jk2_init() Found child 1901 in scoreboard slot 6
438,439,Sun Dec 04 20:11:09 2005,notice,jk2_init() Found child 1898 in scoreboard slot 9
439,440,Sun Dec 04 20:11:14 2005,error,mod_jk child workerEnv in error state 6
440,441,Sun Dec 04 20:11:14 2005,notice,workerEnv.init() ok /etc/httpd/conf/workers2.properties
441,442,Sun Dec 04 20:11:14 2005,error,mod_jk child workerEnv in error state 6
442,443,Sun Dec 04 20:11:14 2005,notice,workerEnv.init() ok /etc/httpd/conf/workers2.properties
443,444,Sun Dec 04 20:11:14 2005,error,mod_jk child workerEnv in error state 6
444,445,Sun Dec 04 20:11:14 2005,error,mod_jk child workerEnv in error state 6
445,446,Sun Dec 04 20:16:10 2005,notice,jk2_init() Found child 1915 in scoreboard slot 6
446,447,Sun Dec 04 20:16:10 2005,notice,jk2_init() Found child 1913 in scoreboard slot 7
447,448,Sun Dec 04 20:16:15 2005,notice,workerEnv.init() ok /etc/httpd/conf/workers2.properties
448,449,Sun Dec 04 20:16:15 2005,notice,workerEnv.init() ok /etc/httpd/conf/workers2.properties
449,450,Sun Dec 04 20:16:15 2005,notice,workerEnv.init() ok /etc/httpd/conf/workers2.properties
450,451,Sun Dec 04 20:16:15 2005,error,mod_jk child workerEnv in error state 6
451,452,Sun Dec 04 20:16:15 2005,error,mod_jk child workerEnv in error state 6
452,453,Sun Dec 04 20:16:15 2005,error,mod_jk child workerEnv in error state 6
453,454,Sun Dec 04 20:20:57 2005,notice,jk2_init() Found child 1931 in scoreboard slot 7
454,455,Sun Dec 04 20:21:08 2005,notice,jk2_init() Found child 1933 in scoreboard slot 6
455,456,Sun Dec 04 20:21:37 2005,notice,jk2_init() Found child 1934 in scoreboard slot 9
456,457,Sun Dec 04 20:21:36 2005,error,mod_jk child workerEnv in error state 6
457,458,Sun Dec 04 20:23:12 2005,notice,jk2_init() Found child 1938 in scoreboard slot 9
458,459,Sun Dec 04 20:24:45 2005,notice,jk2_init() Found child 1951 in scoreboard slot 7
459,460,Sun Dec 04 20:24:45 2005,notice,jk2_init() Found child 1948 in scoreboard slot 8
460,461,Sun Dec 04 20:24:49 2005,notice,workerEnv.init() ok /etc/httpd/conf/workers2.properties
461,462,Sun Dec 04 20:24:49 2005,notice,workerEnv.init() ok /etc/httpd/conf/workers2.properties
462,463,Sun Dec 04 20:24:49 2005,error,mod_jk child workerEnv in error state 7
463,464,Sun Dec 04 20:26:53 2005,notice,workerEnv.init() ok /etc/httpd/conf/workers2.properties
464,465,Sun Dec 04 20:28:00 2005,notice,jk2_init() Found child 1962 in scoreboard slot 6
465,466,Sun Dec 04 20:28:39 2005,notice,jk2_init() Found child 1967 in scoreboard slot 9
466,467,Sun Dec 04 20:31:35 2005,notice,jk2_init() Found child 1990 in scoreboard slot 9
467,468,Sun Dec 04 20:32:37 2005,notice,jk2_init() Found child 1999 in scoreboard slot 6
468,469,Sun Dec 04 20:32:50 2005,notice,workerEnv.init() ok /etc/httpd/conf/workers2.properties
469,470,Sun Dec 04 20:32:50 2005,notice,workerEnv.init() ok /etc/httpd/conf/workers2.properties
470,471,Sun Dec 04 20:32:55 2005,error,mod_jk child workerEnv in error state 10
471,472,Sun Dec 04 20:33:35 2005,notice,jk2_init() Found child 2002 in scoreboard slot 8
472,473,Sun Dec 04 20:33:35 2005,notice,jk2_init() Found child 2001 in scoreboard slot 9
473,474,Sun Dec 04 20:33:47 2005,notice,jk2_init() Found child 2005 in scoreboard slot 7
474,475,Sun Dec 04 20:33:47 2005,notice,jk2_init() Found child 2004 in scoreboard slot 6
475,476,Sun Dec 04 20:34:14 2005,error,mod_jk child workerEnv in error state 6
476,477,Sun Dec 04 20:34:20 2005,notice,jk2_init() Found child 2007 in scoreboard slot 8
477,478,Sun Dec 04 20:34:21 2005,notice,jk2_init() Found child 2008 in scoreboard slot 6
478,479,Sun Dec 04 20:34:25 2005,error,mod_jk child workerEnv in error state 9
479,480,Sun Dec 04 20:34:25 2005,notice,workerEnv.init() ok /etc/httpd/conf/workers2.properties
480,481,Sun Dec 04 20:37:29 2005,notice,jk2_init() Found child 2028 in scoreboard slot 9
481,482,Sun Dec 04 20:37:29 2005,notice,jk2_init() Found child 2027 in scoreboard slot 7
482,483,Sun Dec 04 20:37:29 2005,notice,jk2_init() Found child 2029 in scoreboard slot 8
483,484,Sun Dec 04 20:37:46 2005,notice,workerEnv.init() ok /etc/httpd/conf/workers2.properties
484,485,Sun Dec 04 20:38:10 2005,notice,jk2_init() Found child 2030 in scoreboard slot 6
485,486,Sun Dec 04 20:38:14 2005,notice,workerEnv.init() ok /etc/httpd/conf/workers2.properties
486,487,Sun Dec 04 20:38:14 2005,error,mod_jk child workerEnv in error state 6
487,488,Sun Dec 04 20:41:12 2005,notice,jk2_init() Found child 2042 in scoreboard slot 8
488,489,Sun Dec 04 20:44:29 2005,notice,jk2_init() Found child 2059 in scoreboard slot 7
489,490,Sun Dec 04 20:44:29 2005,notice,jk2_init() Found child 2060 in scoreboard slot 9
490,491,Sun Dec 04 20:44:30 2005,notice,jk2_init() Found child 2061 in scoreboard slot 8
491,492,Sun Dec 04 20:47:16 2005,error,jk2_init() Can't find child 2082 in scoreboard
492,493,Sun Dec 04 20:47:16 2005,notice,workerEnv.init() ok /etc/httpd/conf/workers2.properties
493,494,Sun Dec 04 20:47:16 2005,error,mod_jk child workerEnv in error state 6
494,495,Sun Dec 04 20:47:16 2005,notice,workerEnv.init() ok /etc/httpd/conf/workers2.properties
495,496,Sun Dec 04 20:47:17 2005,notice,workerEnv.init() ok /etc/httpd/conf/workers2.properties
496,497,Sun Dec 04 20:47:17 2005,error,mod_jk child init 1 -2
497,498,Sun Dec 04 20:47:17 2005,error,jk2_init() Can't find child 2087 in scoreboard
498,499,Sun Dec 04 20:47:17 2005,notice,workerEnv.init() ok /etc/httpd/conf/workers2.properties
499,500,Sun Dec 04 20:47:17 2005,error,mod_jk child workerEnv in error state 7
500,501,Sun Dec 04 20:47:17 2005,notice,workerEnv.init() ok /etc/httpd/conf/workers2.properties
501,502,Sun Dec 04 20:47:17 2005,error,mod_jk child init 1 -2
502,503,Mon Dec 05 01:30:32 2005,error,[client 211.62.201.48] Directory index forbidden by rule: /var/www/html/
503,504,Mon Dec 05 03:23:21 2005,notice,jk2_init() Found child 2763 in scoreboard slot 7
504,505,Mon Dec 05 03:23:24 2005,notice,workerEnv.init() ok /etc/httpd/conf/workers2.properties
505,506,Mon Dec 05 03:23:24 2005,error,[client 218.207.61.7] Directory index forbidden by rule: /var/www/html/
506,507,Mon Dec 05 03:25:46 2005,error,mod_jk child workerEnv in error state 6
507,508,Mon Dec 05 03:36:51 2005,notice,jk2_init() Found child 2815 in scoreboard slot 8
508,509,Mon Dec 05 03:36:51 2005,notice,jk2_init() Found child 2812 in scoreboard slot 6
509,510,Mon Dec 05 03:36:57 2005,notice,workerEnv.init() ok /etc/httpd/conf/workers2.properties
510,511,Mon Dec 05 03:36:57 2005,notice,workerEnv.init() ok /etc/httpd/conf/workers2.properties
511,512,Mon Dec 05 03:36:57 2005,error,mod_jk child workerEnv in error state 6
512,513,Mon Dec 05 03:36:57 2005,error,mod_jk child workerEnv in error state 6
513,514,Mon Dec 05 03:40:46 2005,notice,jk2_init() Found child 2823 in scoreboard slot 9
514,515,Mon Dec 05 03:40:55 2005,notice,workerEnv.init() ok /etc/httpd/conf/workers2.properties
515,516,Mon Dec 05 03:40:55 2005,error,mod_jk child workerEnv in error state 6
516,517,Mon Dec 05 03:44:50 2005,notice,jk2_init() Found child 2824 in scoreboard slot 10
517,518,Mon Dec 05 03:44:50 2005,error,[client 168.20.198.21] Directory index forbidden by rule: /var/www/html/
518,519,Mon Dec 05 03:44:50 2005,notice,workerEnv.init() ok /etc/httpd/conf/workers2.properties
519,520,Mon Dec 05 03:44:50 2005,error,mod_jk child workerEnv in error state 6
520,521,Mon Dec 05 03:46:38 2005,notice,jk2_init() Found child 2838 in scoreboard slot 10
521,522,Mon Dec 05 03:46:38 2005,notice,jk2_init() Found child 2836 in scoreboard slot 9
522,523,Mon Dec 05 03:46:38 2005,notice,jk2_init() Found child 2837 in scoreboard slot 6
523,524,Mon Dec 05 03:47:02 2005,notice,workerEnv.init() ok /etc/httpd/conf/workers2.properties
524,525,Mon Dec 05 03:47:53 2005,notice,jk2_init() Found child 2845 in scoreboard slot 6
525,526,Mon Dec 05 03:47:54 2005,error,mod_jk child workerEnv in error state 8
526,527,Mon Dec 05 03:47:54 2005,notice,workerEnv.init() ok /etc/httpd/conf/workers2.properties
527,528,Mon Dec 05 03:47:54 2005,error,mod_jk child workerEnv in error state 8
528,529,Mon Dec 05 03:47:54 2005,notice,workerEnv.init() ok /etc/httpd/conf/workers2.properties
529,530,Mon Dec 05 03:50:49 2005,notice,jk2_init() Found child 2857 in scoreboard slot 9
530,531,Mon Dec 05 03:50:49 2005,notice,jk2_init() Found child 2855 in scoreboard slot 8
531,532,Mon Dec 05 03:50:59 2005,notice,workerEnv.init() ok /etc/httpd/conf/workers2.properties
532,533,Mon Dec 05 03:50:59 2005,error,mod_jk child workerEnv in error state 6
533,534,Mon Dec 05 03:50:59 2005,error,mod_jk child workerEnv in error state 6
534,535,Mon Dec 05 03:50:59 2005,error,mod_jk child workerEnv in error state 6
535,536,Mon Dec 05 03:56:12 2005,notice,jk2_init() Found child 2866 in scoreboard slot 7
536,537,Mon Dec 05 03:56:12 2005,notice,jk2_init() Found child 2867 in scoreboard slot 8
537,538,Mon Dec 05 03:56:12 2005,notice,jk2_init() Found child 2865 in scoreboard slot 9
538,539,Mon Dec 05 03:56:12 2005,notice,jk2_init() Found child 2864 in scoreboard slot 6
539,540,Mon Dec 05 03:56:15 2005,error,mod_jk child workerEnv in error state 6
540,541,Mon Dec 05 03:56:15 2005,notice,workerEnv.init() ok /etc/httpd/conf/workers2.properties
541,542,Mon Dec 05 04:00:55 2005,notice,jk2_init() Found child 2877 in scoreboard slot 10
542,543,Mon Dec 05 04:01:18 2005,notice,jk2_init() Found child 2878 in scoreboard slot 7
543,544,Mon Dec 05 04:01:18 2005,notice,jk2_init() Found child 2880 in scoreboard slot 8
544,545,Mon Dec 05 04:01:23 2005,notice,workerEnv.init() ok /etc/httpd/conf/workers2.properties
545,546,Mon Dec 05 04:01:23 2005,notice,workerEnv.init() ok /etc/httpd/conf/workers2.properties
546,547,Mon Dec 05 04:01:23 2005,error,mod_jk child workerEnv in error state 6
547,548,Mon Dec 05 04:06:19 2005,notice,jk2_init() Found child 3669 in scoreboard slot 6
548,549,Mon Dec 05 04:06:43 2005,notice,workerEnv.init() ok /etc/httpd/conf/workers2.properties
549,550,Mon Dec 05 04:07:23 2005,notice,jk2_init() Found child 3672 in scoreboard slot 7
550,551,Mon Dec 05 04:07:37 2005,notice,jk2_init() Found child 3673 in scoreboard slot 6
551,552,Mon Dec 05 04:07:48 2005,notice,jk2_init() Found child 3675 in scoreboard slot 9
552,553,Mon Dec 05 04:08:37 2005,notice,jk2_init() Found child 3678 in scoreboard slot 8
553,554,Mon Dec 05 04:08:37 2005,notice,jk2_init() Found child 3681 in scoreboard slot 6
554,555,Mon Dec 05 04:08:57 2005,notice,workerEnv.init() ok /etc/httpd/conf/workers2.properties
555,556,Mon Dec 05 04:09:32 2005,notice,jk2_init() Found child 3685 in scoreboard slot 6
556,557,Mon Dec 05 04:10:47 2005,notice,jk2_init() Found child 3690 in scoreboard slot 6
557,558,Mon Dec 05 04:10:47 2005,notice,jk2_init() Found child 3691 in scoreboard slot 8
558,559,Mon Dec 05 04:13:54 2005,notice,jk2_init() Found child 3744 in scoreboard slot 6
559,560,Mon Dec 05 04:13:54 2005,notice,jk2_init() Found child 3754 in scoreboard slot 12
560,561,Mon Dec 05 04:13:54 2005,notice,jk2_init() Found child 3753 in scoreboard slot 10
561,562,Mon Dec 05 04:13:54 2005,notice,jk2_init() Found child 3752 in scoreboard slot 9
562,563,Mon Dec 05 04:14:00 2005,notice,workerEnv.init() ok /etc/httpd/conf/workers2.properties
563,564,Mon Dec 05 04:14:00 2005,error,mod_jk child workerEnv in error state 9
564,565,Mon Dec 05 04:14:00 2005,notice,workerEnv.init() ok /etc/httpd/conf/workers2.properties
565,566,Mon Dec 05 04:14:00 2005,error,mod_jk child workerEnv in error state 9
566,567,Mon Dec 05 05:06:42 2005,notice,jk2_init() Found child 4595 in scoreboard slot 7
567,568,Mon Dec 05 05:06:42 2005,notice,jk2_init() Found child 4594 in scoreboard slot 6
568,569,Mon Dec 05 05:06:47 2005,notice,workerEnv.init() ok /etc/httpd/conf/workers2.properties
569,570,Mon Dec 05 05:11:04 2005,notice,jk2_init() Found child 4609 in scoreboard slot 7
570,571,Mon Dec 05 05:11:04 2005,notice,jk2_init() Found child 4608 in scoreboard slot 6
571,572,Mon Dec 05 05:11:34 2005,notice,jk2_init() Found child 4611 in scoreboard slot 9
572,573,Mon Dec 05 05:11:54 2005,notice,jk2_init() Found child 4612 in scoreboard slot 6
573,574,Mon Dec 05 05:12:56 2005,notice,jk2_init() Found child 4616 in scoreboard slot 6
574,575,Mon Dec 05 05:15:29 2005,notice,jk2_init() Found child 4637 in scoreboard slot 7
575,576,Mon Dec 05 05:15:29 2005,notice,jk2_init() Found child 4631 in scoreboard slot 9
576,577,Mon Dec 05 05:15:33 2005,error,mod_jk child workerEnv in error state 9
577,578,Mon Dec 05 05:15:33 2005,notice,workerEnv.init() ok /etc/httpd/conf/workers2.properties
578,579,Mon Dec 05 05:15:33 2005,error,mod_jk child workerEnv in error state 7
579,580,Mon Dec 05 05:15:33 2005,notice,workerEnv.init() ok /etc/httpd/conf/workers2.properties
580,581,Mon Dec 05 06:35:27 2005,notice,jk2_init() Found child 4820 in scoreboard slot 8
581,582,Mon Dec 05 06:35:27 2005,notice,workerEnv.init() ok /etc/httpd/conf/workers2.properties
582,583,Mon Dec 05 06:35:27 2005,error,mod_jk child workerEnv in error state 6
583,584,Mon Dec 05 06:36:59 2005,error,[client 221.232.178.24] Directory index forbidden by rule: /var/www/html/
584,585,Mon Dec 05 07:16:00 2005,notice,jk2_init() Found child 4893 in scoreboard slot 7
585,586,Mon Dec 05 07:16:00 2005,notice,jk2_init() Found child 4892 in scoreboard slot 6
586,587,Mon Dec 05 07:16:03 2005,error,mod_jk child workerEnv in error state 6
587,588,Mon Dec 05 07:16:03 2005,notice,workerEnv.init() ok /etc/httpd/conf/workers2.properties
588,589,Mon Dec 05 07:21:03 2005,notice,jk2_init() Found child 4907 in scoreboard slot 6
589,590,Mon Dec 05 07:21:02 2005,notice,jk2_init() Found child 4905 in scoreboard slot 8
590,591,Mon Dec 05 07:21:09 2005,notice,workerEnv.init() ok /etc/httpd/conf/workers2.properties
591,592,Mon Dec 05 07:21:09 2005,error,mod_jk child workerEnv in error state 6
592,593,Mon Dec 05 07:21:09 2005,notice,workerEnv.init() ok /etc/httpd/conf/workers2.properties
593,594,Mon Dec 05 07:21:09 2005,error,mod_jk child workerEnv in error state 6
594,595,Mon Dec 05 07:25:59 2005,notice,workerEnv.init() ok /etc/httpd/conf/workers2.properties
595,596,Mon Dec 05 07:31:22 2005,notice,jk2_init() Found child 4932 in scoreboard slot 6
596,597,Mon Dec 05 07:32:03 2005,notice,jk2_init() Found child 4935 in scoreboard slot 9
597,598,Mon Dec 05 07:32:03 2005,notice,jk2_init() Found child 4936 in scoreboard slot 6
598,599,Mon Dec 05 07:32:03 2005,notice,jk2_init() Found child 4937 in scoreboard slot 7
599,600,Mon Dec 05 07:32:06 2005,notice,workerEnv.init() ok /etc/httpd/conf/workers2.properties
600,601,Mon Dec 05 07:32:06 2005,error,mod_jk child workerEnv in error state 6
601,602,Mon Dec 05 07:32:06 2005,notice,workerEnv.init() ok /etc/httpd/conf/workers2.properties
602,603,Mon Dec 05 07:32:06 2005,notice,workerEnv.init() ok /etc/httpd/conf/workers2.properties
603,604,Mon Dec 05 07:32:06 2005,error,mod_jk child workerEnv in error state 6
604,605,Mon Dec 05 07:37:47 2005,notice,jk2_init() Found child 4961 in scoreboard slot 6
605,606,Mon Dec 05 07:37:48 2005,notice,jk2_init() Found child 4962 in scoreboard slot 7
606,607,Mon Dec 05 07:37:48 2005,notice,jk2_init() Found child 4960 in scoreboard slot 9
607,608,Mon Dec 05 07:37:58 2005,error,mod_jk child workerEnv in error state 6
608,609,Mon Dec 05 07:37:58 2005,error,mod_jk child workerEnv in error state 6
609,610,Mon Dec 05 07:41:07 2005,notice,jk2_init() Found child 4974 in scoreboard slot 9
610,611,Mon Dec 05 07:41:35 2005,notice,jk2_init() Found child 4975 in scoreboard slot 6
611,612,Mon Dec 05 07:43:07 2005,notice,jk2_init() Found child 4983 in scoreboard slot 6
612,613,Mon Dec 05 07:43:15 2005,notice,workerEnv.init() ok /etc/httpd/conf/workers2.properties
613,614,Mon Dec 05 07:43:15 2005,notice,workerEnv.init() ok /etc/httpd/conf/workers2.properties
614,615,Mon Dec 05 07:43:16 2005,error,mod_jk child workerEnv in error state 6
615,616,Mon Dec 05 07:43:19 2005,notice,jk2_init() Found child 4986 in scoreboard slot 8
616,617,Mon Dec 05 07:43:19 2005,error,mod_jk child workerEnv in error state 7
617,618,Mon Dec 05 07:46:01 2005,notice,jk2_init() Found child 4992 in scoreboard slot 7
618,619,Mon Dec 05 07:46:46 2005,notice,jk2_init() Found child 4996 in scoreboard slot 7
619,620,Mon Dec 05 07:46:46 2005,notice,jk2_init() Found child 4995 in scoreboard slot 6
620,621,Mon Dec 05 07:47:13 2005,notice,jk2_init() Found child 4998 in scoreboard slot 8
621,622,Mon Dec 05 07:47:13 2005,notice,jk2_init() Found child 4999 in scoreboard slot 6
622,623,Mon Dec 05 07:47:21 2005,notice,workerEnv.init() ok /etc/httpd/conf/workers2.properties
623,624,Mon Dec 05 07:47:21 2005,notice,workerEnv.init() ok /etc/httpd/conf/workers2.properties
624,625,Mon Dec 05 07:47:21 2005,notice,jk2_init() Found child 5000 in scoreboard slot 7
625,626,Mon Dec 05 07:47:22 2005,error,mod_jk child workerEnv in error state 8
626,627,Mon Dec 05 07:47:40 2005,error,mod_jk child workerEnv in error state 7
627,628,Mon Dec 05 07:48:04 2005,notice,jk2_init() Found child 5002 in scoreboard slot 8
628,629,Mon Dec 05 07:48:55 2005,notice,workerEnv.init() ok /etc/httpd/conf/workers2.properties
629,630,Mon Dec 05 07:48:55 2005,error,mod_jk child workerEnv in error state 6
630,631,Mon Dec 05 07:48:55 2005,error,mod_jk child workerEnv in error state 7
631,632,Mon Dec 05 07:48:56 2005,notice,jk2_init() Found child 5007 in scoreboard slot 6
632,633,Mon Dec 05 07:48:56 2005,notice,jk2_init() Found child 5008 in scoreboard slot 7
633,634,Mon Dec 05 07:48:56 2005,error,mod_jk child workerEnv in error state 6
634,635,Mon Dec 05 07:48:56 2005,notice,workerEnv.init() ok /etc/httpd/conf/workers2.properties
635,636,Mon Dec 05 07:51:22 2005,notice,jk2_init() Found child 5018 in scoreboard slot 6
636,637,Mon Dec 05 07:51:23 2005,error,mod_jk child workerEnv in error state 6
637,638,Mon Dec 05 07:51:39 2005,notice,jk2_init() Found child 5020 in scoreboard slot 9
638,639,Mon Dec 05 07:52:02 2005,error,mod_jk child workerEnv in error state 6
639,640,Mon Dec 05 07:52:56 2005,notice,jk2_init() Found child 5023 in scoreboard slot 7
640,641,Mon Dec 05 07:52:55 2005,notice,workerEnv.init() ok /etc/httpd/conf/workers2.properties
641,642,Mon Dec 05 07:53:01 2005,error,mod_jk child workerEnv in error state 7
642,643,Mon Dec 05 07:53:24 2005,notice,workerEnv.init() ok /etc/httpd/conf/workers2.properties
643,644,Mon Dec 05 07:54:48 2005,notice,jk2_init() Found child 5033 in scoreboard slot 8
644,645,Mon Dec 05 07:55:00 2005,notice,jk2_init() Found child 5034 in scoreboard slot 6
645,646,Mon Dec 05 07:55:08 2005,error,mod_jk child workerEnv in error state 7
646,647,Mon Dec 05 07:57:01 2005,notice,jk2_init() Found child 5050 in scoreboard slot 8
647,648,Mon Dec 05 07:57:02 2005,error,jk2_init() Can't find child 5053 in scoreboard
648,649,Mon Dec 05 07:57:02 2005,error,jk2_init() Can't find child 5054 in scoreboard
649,650,Mon Dec 05 07:57:02 2005,notice,workerEnv.init() ok /etc/httpd/conf/workers2.properties
650,651,Mon Dec 05 07:57:02 2005,error,mod_jk child workerEnv in error state 6
651,652,Mon Dec 05 07:57:02 2005,error,mod_jk child workerEnv in error state 6
652,653,Mon Dec 05 07:57:02 2005,notice,workerEnv.init() ok /etc/httpd/conf/workers2.properties
653,654,Mon Dec 05 07:57:02 2005,error,mod_jk child workerEnv in error state 8
654,655,Mon Dec 05 07:57:02 2005,notice,workerEnv.init() ok /etc/httpd/conf/workers2.properties
655,656,Mon Dec 05 07:57:02 2005,error,mod_jk child init 1 -2
656,657,Mon Dec 05 09:36:13 2005,notice,jk2_init() Found child 5271 in scoreboard slot 7
657,658,Mon Dec 05 09:36:13 2005,notice,jk2_init() Found child 5270 in scoreboard slot 6
658,659,Mon Dec 05 09:36:14 2005,notice,workerEnv.init() ok /etc/httpd/conf/workers2.properties
659,660,Mon Dec 05 09:36:14 2005,error,mod_jk child workerEnv in error state 6
660,661,Mon Dec 05 09:36:14 2005,notice,workerEnv.init() ok /etc/httpd/conf/workers2.properties
661,662,Mon Dec 05 09:36:14 2005,error,mod_jk child workerEnv in error state 6
662,663,Mon Dec 05 09:55:21 2005,notice,workerEnv.init() ok /etc/httpd/conf/workers2.properties
663,664,Mon Dec 05 09:55:21 2005,error,mod_jk child workerEnv in error state 6
664,665,Mon Dec 05 10:10:32 2005,notice,jk2_init() Found child 5330 in scoreboard slot 9
665,666,Mon Dec 05 10:10:33 2005,notice,workerEnv.init() ok /etc/httpd/conf/workers2.properties
666,667,Mon Dec 05 10:10:33 2005,error,mod_jk child workerEnv in error state 6
667,668,Mon Dec 05 10:16:20 2005,notice,jk2_init() Found child 5344 in scoreboard slot 7
668,669,Mon Dec 05 10:16:52 2005,notice,jk2_init() Found child 5347 in scoreboard slot 6
669,670,Mon Dec 05 10:16:53 2005,notice,jk2_init() Found child 5348 in scoreboard slot 7
670,671,Mon Dec 05 10:17:45 2005,notice,jk2_init() Found child 5350 in scoreboard slot 9
671,672,Mon Dec 05 10:17:45 2005,notice,jk2_init() Found child 5349 in scoreboard slot 8
672,673,Mon Dec 05 10:17:51 2005,notice,workerEnv.init() ok /etc/httpd/conf/workers2.properties
673,674,Mon Dec 05 10:17:51 2005,notice,workerEnv.init() ok /etc/httpd/conf/workers2.properties
674,675,Mon Dec 05 10:17:51 2005,error,mod_jk child workerEnv in error state 6
675,676,Mon Dec 05 10:17:51 2005,error,mod_jk child workerEnv in error state 6
676,677,Mon Dec 05 10:17:51 2005,error,mod_jk child workerEnv in error state 7
677,678,Mon Dec 05 10:21:05 2005,notice,jk2_init() Found child 5366 in scoreboard slot 9
678,679,Mon Dec 05 10:21:07 2005,notice,jk2_init() Found child 5368 in scoreboard slot 7
679,680,Mon Dec 05 10:21:13 2005,notice,workerEnv.init() ok /etc/httpd/conf/workers2.properties
680,681,Mon Dec 05 10:21:13 2005,notice,workerEnv.init() ok /etc/httpd/conf/workers2.properties
681,682,Mon Dec 05 10:21:13 2005,notice,workerEnv.init() ok /etc/httpd/conf/workers2.properties
682,683,Mon Dec 05 10:21:13 2005,error,mod_jk child workerEnv in error state 6
683,684,Mon Dec 05 10:26:25 2005,notice,jk2_init() Found child 5387 in scoreboard slot 6
684,685,Mon Dec 05 10:26:31 2005,error,mod_jk child workerEnv in error state 6
685,686,Mon Dec 05 10:26:31 2005,notice,workerEnv.init() ok /etc/httpd/conf/workers2.properties
686,687,Mon Dec 05 10:26:36 2005,notice,workerEnv.init() ok /etc/httpd/conf/workers2.properties
687,688,Mon Dec 05 10:26:36 2005,error,mod_jk child workerEnv in error state 6
688,689,Mon Dec 05 10:26:39 2005,error,[client 141.153.150.164] Directory index forbidden by rule: /var/www/html/
689,690,Mon Dec 05 10:31:40 2005,notice,jk2_init() Found child 5404 in scoreboard slot 8
690,691,Mon Dec 05 10:33:41 2005,notice,jk2_init() Found child 5418 in scoreboard slot 6
691,692,Mon Dec 05 10:33:41 2005,notice,jk2_init() Found child 5419 in scoreboard slot 7
692,693,Mon Dec 05 10:33:41 2005,notice,jk2_init() Found child 5417 in scoreboard slot 9
693,694,Mon Dec 05 10:33:41 2005,notice,jk2_init() Found child 5416 in scoreboard slot 8
694,695,Mon Dec 05 10:33:44 2005,error,mod_jk child workerEnv in error state 6
695,696,Mon Dec 05 10:33:44 2005,notice,workerEnv.init() ok /etc/httpd/conf/workers2.properties
696,697,Mon Dec 05 10:33:44 2005,error,mod_jk child workerEnv in error state 7
697,698,Mon Dec 05 10:33:44 2005,notice,workerEnv.init() ok /etc/httpd/conf/workers2.properties
698,699,Mon Dec 05 10:36:10 2005,notice,jk2_init() Found child 5425 in scoreboard slot 9
699,700,Mon Dec 05 10:36:58 2005,notice,jk2_init() Found child 5428 in scoreboard slot 8
700,701,Mon Dec 05 10:37:27 2005,notice,jk2_init() Found child 5429 in scoreboard slot 9
701,702,Mon Dec 05 10:38:00 2005,notice,jk2_init() Found child 5434 in scoreboard slot 6
702,703,Mon Dec 05 10:38:00 2005,notice,jk2_init() Found child 5433 in scoreboard slot 9
703,704,Mon Dec 05 10:38:00 2005,notice,jk2_init() Found child 5435 in scoreboard slot 7
704,705,Mon Dec 05 10:38:04 2005,notice,workerEnv.init() ok /etc/httpd/conf/workers2.properties
705,706,Mon Dec 05 10:38:04 2005,error,mod_jk child workerEnv in error state 8
706,707,Mon Dec 05 10:38:04 2005,notice,workerEnv.init() ok /etc/httpd/conf/workers2.properties
707,708,Mon Dec 05 10:38:04 2005,error,mod_jk child workerEnv in error state 7
708,709,Mon Dec 05 10:38:04 2005,error,mod_jk child workerEnv in error state 6
709,710,Mon Dec 05 10:38:04 2005,notice,workerEnv.init() ok /etc/httpd/conf/workers2.properties
710,711,Mon Dec 05 10:38:04 2005,error,mod_jk child workerEnv in error state 7
711,712,Mon Dec 05 10:41:14 2005,notice,jk2_init() Found child 5470 in scoreboard slot 9
712,713,Mon Dec 05 10:42:23 2005,notice,jk2_init() Found child 5474 in scoreboard slot 9
713,714,Mon Dec 05 10:42:23 2005,notice,jk2_init() Found child 5475 in scoreboard slot 6
714,715,Mon Dec 05 10:43:19 2005,notice,jk2_init() Found child 5480 in scoreboard slot 7
715,716,Mon Dec 05 10:43:19 2005,notice,jk2_init() Found child 5479 in scoreboard slot 6
716,717,Mon Dec 05 10:43:19 2005,notice,jk2_init() Found child 5481 in scoreboard slot 8
717,718,Mon Dec 05 10:43:34 2005,notice,workerEnv.init() ok /etc/httpd/conf/workers2.properties
718,719,Mon Dec 05 10:43:34 2005,notice,workerEnv.init() ok /etc/httpd/conf/workers2.properties
719,720,Mon Dec 05 10:43:39 2005,error,mod_jk child workerEnv in error state 8
720,721,Mon Dec 05 10:43:41 2005,notice,workerEnv.init() ok /etc/httpd/conf/workers2.properties
721,722,Mon Dec 05 10:43:41 2005,error,mod_jk child workerEnv in error state 7
722,723,Mon Dec 05 10:43:48 2005,notice,jk2_init() Found child 5483 in scoreboard slot 6
723,724,Mon Dec 05 10:43:51 2005,notice,workerEnv.init() ok /etc/httpd/conf/workers2.properties
724,725,Mon Dec 05 10:43:51 2005,error,mod_jk child workerEnv in error state 7
725,726,Mon Dec 05 10:43:51 2005,notice,workerEnv.init() ok /etc/httpd/conf/workers2.properties
726,727,Mon Dec 05 10:43:51 2005,error,mod_jk child workerEnv in error state 8
727,728,Mon Dec 05 10:46:55 2005,notice,jk2_init() Found child 5497 in scoreboard slot 7
728,729,Mon Dec 05 10:47:12 2005,notice,workerEnv.init() ok /etc/httpd/conf/workers2.properties
729,730,Mon Dec 05 10:47:17 2005,error,mod_jk child workerEnv in error state 6
730,731,Mon Dec 05 10:47:44 2005,notice,workerEnv.init() ok /etc/httpd/conf/workers2.properties
731,732,Mon Dec 05 10:47:47 2005,notice,jk2_init() Found child 5500 in scoreboard slot 6
732,733,Mon Dec 05 10:47:47 2005,notice,workerEnv.init() ok /etc/httpd/conf/workers2.properties
733,734,Mon Dec 05 10:48:46 2005,notice,workerEnv.init() ok /etc/httpd/conf/workers2.properties
734,735,Mon Dec 05 10:48:48 2005,error,[client 67.166.248.235] Directory index forbidden by rule: /var/www/html/
735,736,Mon Dec 05 10:51:12 2005,notice,jk2_init() Found child 5516 in scoreboard slot 8
736,737,Mon Dec 05 10:51:35 2005,error,mod_jk child workerEnv in error state 6
737,738,Mon Dec 05 10:52:15 2005,notice,workerEnv.init() ok /etc/httpd/conf/workers2.properties
738,739,Mon Dec 05 10:53:42 2005,notice,jk2_init() Found child 5527 in scoreboard slot 7
739,740,Mon Dec 05 10:59:25 2005,notice,jk2_init() Found child 5565 in scoreboard slot 9
740,741,Mon Dec 05 10:59:25 2005,notice,jk2_init() Found child 5564 in scoreboard slot 8
741,742,Mon Dec 05 10:59:25 2005,notice,jk2_init() Found child 5567 in scoreboard slot 12
742,743,Mon Dec 05 10:59:25 2005,notice,jk2_init() Found child 5568 in scoreboard slot 13
743,744,Mon Dec 05 10:59:29 2005,notice,workerEnv.init() ok /etc/httpd/conf/workers2.properties
744,745,Mon Dec 05 10:59:29 2005,notice,workerEnv.init() ok /etc/httpd/conf/workers2.properties
745,746,Mon Dec 05 10:59:29 2005,notice,workerEnv.init() ok /etc/httpd/conf/workers2.properties
746,747,Mon Dec 05 10:59:29 2005,notice,workerEnv.init() ok /etc/httpd/conf/workers2.properties
747,748,Mon Dec 05 10:59:29 2005,notice,workerEnv.init() ok /etc/httpd/conf/workers2.properties
748,749,Mon Dec 05 10:59:29 2005,error,mod_jk child workerEnv in error state 8
749,750,Mon Dec 05 10:59:29 2005,error,mod_jk child workerEnv in error state 6
750,751,Mon Dec 05 10:59:29 2005,error,mod_jk child workerEnv in error state 6
751,752,Mon Dec 05 11:06:51 2005,notice,jk2_init() Found child 5617 in scoreboard slot 7
752,753,Mon Dec 05 11:06:51 2005,error,mod_jk child workerEnv in error state 6
753,754,Mon Dec 05 11:06:51 2005,error,mod_jk child workerEnv in error state 7
754,755,Mon Dec 05 11:06:51 2005,error,mod_jk child workerEnv in error state 6
755,756,Mon Dec 05 11:06:52 2005,error,jk2_init() Can't find child 5619 in scoreboard
756,757,Mon Dec 05 11:06:52 2005,notice,workerEnv.init() ok /etc/httpd/conf/workers2.properties
757,758,Mon Dec 05 11:06:52 2005,notice,workerEnv.init() ok /etc/httpd/conf/workers2.properties
758,759,Mon Dec 05 11:06:52 2005,notice,workerEnv.init() ok /etc/httpd/conf/workers2.properties
759,760,Mon Dec 05 11:06:52 2005,notice,workerEnv.init() ok /etc/httpd/conf/workers2.properties
760,761,Mon Dec 05 11:06:52 2005,error,mod_jk child init 1 -2
761,762,Mon Dec 05 12:35:57 2005,notice,jk2_init() Found child 5785 in scoreboard slot 6
762,763,Mon Dec 05 12:35:57 2005,notice,jk2_init() Found child 5786 in scoreboard slot 7
763,764,Mon Dec 05 12:36:36 2005,notice,jk2_init() Found child 5790 in scoreboard slot 7
764,765,Mon Dec 05 12:36:36 2005,notice,jk2_init() Found child 5789 in scoreboard slot 6
765,766,Mon Dec 05 12:36:39 2005,notice,workerEnv.init() ok /etc/httpd/conf/workers2.properties
766,767,Mon Dec 05 12:40:37 2005,notice,jk2_init() Found child 5798 in scoreboard slot 8
767,768,Mon Dec 05 12:40:38 2005,notice,workerEnv.init() ok /etc/httpd/conf/workers2.properties
768,769,Mon Dec 05 12:40:38 2005,error,mod_jk child workerEnv in error state 6
769,770,Mon Dec 05 12:50:43 2005,notice,workerEnv.init() ok /etc/httpd/conf/workers2.properties
770,771,Mon Dec 05 12:50:43 2005,error,mod_jk child workerEnv in error state 6
771,772,Mon Dec 05 12:50:43 2005,error,mod_jk child workerEnv in error state 6
772,773,Mon Dec 05 12:55:48 2005,notice,jk2_init() Found child 5816 in scoreboard slot 7
773,774,Mon Dec 05 12:55:49 2005,error,mod_jk child workerEnv in error state 6
774,775,Mon Dec 05 13:00:34 2005,notice,workerEnv.init() ok /etc/httpd/conf/workers2.properties
775,776,Mon Dec 05 13:05:24 2005,notice,jk2_init() Found child 5845 in scoreboard slot 7
776,777,Mon Dec 05 13:05:24 2005,notice,workerEnv.init() ok /etc/httpd/conf/workers2.properties
777,778,Mon Dec 05 13:10:59 2005,error,mod_jk child workerEnv in error state 6
778,779,Mon Dec 05 13:16:27 2005,notice,jk2_init() Found child 5877 in scoreboard slot 9
779,780,Mon Dec 05 13:16:27 2005,notice,jk2_init() Found child 5876 in scoreboard slot 8
780,781,Mon Dec 05 13:16:27 2005,notice,jk2_init() Found child 5875 in scoreboard slot 7
781,782,Mon Dec 05 13:16:29 2005,error,mod_jk child workerEnv in error state 6
782,783,Mon Dec 05 13:16:29 2005,notice,workerEnv.init() ok /etc/httpd/conf/workers2.properties
783,784,Mon Dec 05 13:16:29 2005,notice,workerEnv.init() ok /etc/httpd/conf/workers2.properties
784,785,Mon Dec 05 13:22:45 2005,notice,jk2_init() Found child 5899 in scoreboard slot 7
785,786,Mon Dec 05 13:22:45 2005,notice,jk2_init() Found child 5900 in scoreboard slot 8
786,787,Mon Dec 05 13:22:45 2005,notice,jk2_init() Found child 5898 in scoreboard slot 6
787,788,Mon Dec 05 13:22:48 2005,error,mod_jk child workerEnv in error state 7
788,789,Mon Dec 05 13:22:48 2005,error,mod_jk child workerEnv in error state 7
789,790,Mon Dec 05 13:22:48 2005,notice,workerEnv.init() ok /etc/httpd/conf/workers2.properties
790,791,Mon Dec 05 13:22:48 2005,notice,workerEnv.init() ok /etc/httpd/conf/workers2.properties
791,792,Mon Dec 05 13:22:48 2005,error,mod_jk child workerEnv in error state 6
792,793,Mon Dec 05 13:26:03 2005,notice,jk2_init() Found child 5912 in scoreboard slot 7
793,794,Mon Dec 05 13:26:37 2005,notice,jk2_init() Found child 5914 in scoreboard slot 9
794,795,Mon Dec 05 13:26:37 2005,notice,jk2_init() Found child 5915 in scoreboard slot 6
795,796,Mon Dec 05 13:27:15 2005,notice,jk2_init() Found child 5917 in scoreboard slot 8
796,797,Mon Dec 05 13:27:15 2005,notice,jk2_init() Found child 5919 in scoreboard slot 6
797,798,Mon Dec 05 13:28:14 2005,notice,jk2_init() Found child 5925 in scoreboard slot 8
798,799,Mon Dec 05 13:28:14 2005,notice,jk2_init() Found child 5923 in scoreboard slot 6
799,800,Mon Dec 05 13:28:14 2005,notice,jk2_init() Found child 5924 in scoreboard slot 7
800,801,Mon Dec 05 13:28:14 2005,notice,jk2_init() Found child 5922 in scoreboard slot 9
801,802,Mon Dec 05 13:28:17 2005,error,mod_jk child workerEnv in error state 7
802,803,Mon Dec 05 13:28:17 2005,notice,workerEnv.init() ok /etc/httpd/conf/workers2.properties
803,804,Mon Dec 05 13:28:17 2005,error,mod_jk child workerEnv in error state 8
804,805,Mon Dec 05 13:28:17 2005,notice,workerEnv.init() ok /etc/httpd/conf/workers2.properties
805,806,Mon Dec 05 13:31:19 2005,notice,jk2_init() Found child 5936 in scoreboard slot 6
806,807,Mon Dec 05 13:32:01 2005,notice,jk2_init() Found child 5940 in scoreboard slot 6
807,808,Mon Dec 05 13:32:04 2005,notice,workerEnv.init() ok /etc/httpd/conf/workers2.properties
808,809,Mon Dec 05 13:32:04 2005,error,mod_jk child workerEnv in error state 6
809,810,Mon Dec 05 13:32:04 2005,error,mod_jk child workerEnv in error state 6
810,811,Mon Dec 05 13:32:09 2005,notice,workerEnv.init() ok /etc/httpd/conf/workers2.properties
811,812,Mon Dec 05 13:32:10 2005,error,mod_jk child workerEnv in error state 7
812,813,Mon Dec 05 13:32:28 2005,notice,jk2_init() Found child 5942 in scoreboard slot 8
813,814,Mon Dec 05 13:32:28 2005,notice,jk2_init() Found child 5941 in scoreboard slot 7
814,815,Mon Dec 05 13:32:30 2005,error,mod_jk child workerEnv in error state 6
815,816,Mon Dec 05 13:36:27 2005,notice,jk2_init() Found child 5954 in scoreboard slot 7
816,817,Mon Dec 05 13:36:27 2005,notice,jk2_init() Found child 5953 in scoreboard slot 6
817,818,Mon Dec 05 13:36:58 2005,notice,jk2_init() Found child 5956 in scoreboard slot 9
818,819,Mon Dec 05 13:37:47 2005,notice,jk2_init() Found child 5961 in scoreboard slot 6
819,820,Mon Dec 05 13:37:47 2005,notice,jk2_init() Found child 5960 in scoreboard slot 9
820,821,Mon Dec 05 13:38:53 2005,notice,jk2_init() Found child 5965 in scoreboard slot 6
821,822,Mon Dec 05 13:38:52 2005,notice,jk2_init() Found child 5967 in scoreboard slot 8
822,823,Mon Dec 05 13:38:53 2005,notice,jk2_init() Found child 5969 in scoreboard slot 10
823,824,Mon Dec 05 13:39:09 2005,notice,workerEnv.init() ok /etc/httpd/conf/workers2.properties
824,825,Mon Dec 05 13:39:14 2005,error,mod_jk child workerEnv in error state 6
825,826,Mon Dec 05 13:39:13 2005,error,mod_jk child workerEnv in error state 8
826,827,Mon Dec 05 13:39:36 2005,notice,jk2_init() Found child 5970 in scoreboard slot 6
827,828,Mon Dec 05 13:39:41 2005,notice,jk2_init() Found child 5972 in scoreboard slot 8
828,829,Mon Dec 05 13:39:41 2005,error,mod_jk child workerEnv in error state 9
829,830,Mon Dec 05 13:39:41 2005,error,mod_jk child workerEnv in error state 8
830,831,Mon Dec 05 13:41:11 2005,notice,jk2_init() Found child 5981 in scoreboard slot 9
831,832,Mon Dec 05 13:41:12 2005,notice,jk2_init() Found child 5982 in scoreboard slot 6
832,833,Mon Dec 05 13:41:58 2005,notice,jk2_init() Found child 5984 in scoreboard slot 8
833,834,Mon Dec 05 13:43:27 2005,notice,jk2_init() Found child 5992 in scoreboard slot 8
834,835,Mon Dec 05 13:43:27 2005,notice,jk2_init() Found child 5993 in scoreboard slot 9
835,836,Mon Dec 05 13:43:27 2005,notice,jk2_init() Found child 5990 in scoreboard slot 6
836,837,Mon Dec 05 13:43:27 2005,notice,jk2_init() Found child 5991 in scoreboard slot 7
837,838,Mon Dec 05 13:43:44 2005,notice,workerEnv.init() ok /etc/httpd/conf/workers2.properties
838,839,Mon Dec 05 13:43:46 2005,error,mod_jk child workerEnv in error state 8
839,840,Mon Dec 05 13:43:46 2005,error,mod_jk child workerEnv in error state 7
840,841,Mon Dec 05 13:44:18 2005,notice,jk2_init() Found child 5996 in scoreboard slot 8
841,842,Mon Dec 05 13:44:38 2005,error,mod_jk child workerEnv in error state 6
842,843,Mon Dec 05 13:44:38 2005,error,mod_jk child workerEnv in error state 6
843,844,Mon Dec 05 13:44:53 2005,notice,jk2_init() Found child 5997 in scoreboard slot 9
844,845,Mon Dec 05 13:45:01 2005,notice,jk2_init() Found child 5998 in scoreboard slot 6
845,846,Mon Dec 05 13:45:01 2005,notice,jk2_init() Found child 5999 in scoreboard slot 7
846,847,Mon Dec 05 13:45:08 2005,notice,workerEnv.init() ok /etc/httpd/conf/workers2.properties
847,848,Mon Dec 05 13:45:08 2005,notice,workerEnv.init() ok /etc/httpd/conf/workers2.properties
848,849,Mon Dec 05 13:46:20 2005,notice,jk2_init() Found child 6007 in scoreboard slot 7
849,850,Mon Dec 05 13:47:11 2005,notice,workerEnv.init() ok /etc/httpd/conf/workers2.properties
850,851,Mon Dec 05 13:47:11 2005,notice,workerEnv.init() ok /etc/httpd/conf/workers2.properties
851,852,Mon Dec 05 13:47:11 2005,notice,workerEnv.init() ok /etc/httpd/conf/workers2.properties
852,853,Mon Dec 05 13:47:11 2005,notice,workerEnv.init() ok /etc/httpd/conf/workers2.properties
853,854,Mon Dec 05 13:47:11 2005,error,mod_jk child workerEnv in error state 6
854,855,Mon Dec 05 13:47:11 2005,error,mod_jk child workerEnv in error state 7
855,856,Mon Dec 05 13:47:11 2005,error,mod_jk child workerEnv in error state 7
856,857,Mon Dec 05 13:51:17 2005,notice,jk2_init() Found child 6028 in scoreboard slot 9
857,858,Mon Dec 05 13:52:19 2005,notice,jk2_init() Found child 6033 in scoreboard slot 6
858,859,Mon Dec 05 13:52:19 2005,notice,jk2_init() Found child 6034 in scoreboard slot 7
859,860,Mon Dec 05 13:52:33 2005,notice,workerEnv.init() ok /etc/httpd/conf/workers2.properties
860,861,Mon Dec 05 13:53:00 2005,notice,jk2_init() Found child 6038 in scoreboard slot 7
861,862,Mon Dec 05 13:53:00 2005,notice,jk2_init() Found child 6037 in scoreboard slot 6
862,863,Mon Dec 05 13:53:00 2005,notice,jk2_init() Found child 6039 in scoreboard slot 10
863,864,Mon Dec 05 13:53:31 2005,notice,jk2_init() Found child 6043 in scoreboard slot 9
864,865,Mon Dec 05 13:53:31 2005,notice,jk2_init() Found child 6042 in scoreboard slot 7
865,866,Mon Dec 05 13:53:31 2005,notice,jk2_init() Found child 6041 in scoreboard slot 6
866,867,Mon Dec 05 13:53:35 2005,notice,workerEnv.init() ok /etc/httpd/conf/workers2.properties
867,868,Mon Dec 05 13:53:35 2005,notice,workerEnv.init() ok /etc/httpd/conf/workers2.properties
868,869,Mon Dec 05 13:53:35 2005,error,mod_jk child workerEnv in error state 6
869,870,Mon Dec 05 13:59:43 2005,notice,jk2_init() Found child 6069 in scoreboard slot 7
870,871,Mon Dec 05 14:01:47 2005,notice,jk2_init() Found child 6100 in scoreboard slot 7
871,872,Mon Dec 05 14:01:47 2005,notice,jk2_init() Found child 6101 in scoreboard slot 8
872,873,Mon Dec 05 14:01:47 2005,notice,jk2_init() Found child 6099 in scoreboard slot 6
873,874,Mon Dec 05 14:01:48 2005,notice,workerEnv.init() ok /etc/httpd/conf/workers2.properties
874,875,Mon Dec 05 14:01:48 2005,error,mod_jk child workerEnv in error state 7
875,876,Mon Dec 05 14:01:48 2005,notice,workerEnv.init() ok /etc/httpd/conf/workers2.properties
876,877,Mon Dec 05 14:11:43 2005,error,[client 141.154.18.244] Directory index forbidden by rule: /var/www/html/
877,878,Mon Dec 05 15:31:06 2005,notice,jk2_init() Found child 6259 in scoreboard slot 6
878,879,Mon Dec 05 15:31:06 2005,notice,jk2_init() Found child 6260 in scoreboard slot 7
879,880,Mon Dec 05 15:31:10 2005,error,mod_jk child workerEnv in error state 6
880,881,Mon Dec 05 15:31:10 2005,notice,workerEnv.init() ok /etc/httpd/conf/workers2.properties
881,882,Mon Dec 05 15:31:10 2005,error,mod_jk child workerEnv in error state 6
882,883,Mon Dec 05 15:40:59 2005,notice,jk2_init() Found child 6277 in scoreboard slot 7
883,884,Mon Dec 05 15:41:32 2005,notice,workerEnv.init() ok /etc/httpd/conf/workers2.properties
884,885,Mon Dec 05 15:41:32 2005,notice,workerEnv.init() ok /etc/httpd/conf/workers2.properties
885,886,Mon Dec 05 15:41:32 2005,error,mod_jk child workerEnv in error state 6
886,887,Mon Dec 05 15:41:32 2005,notice,workerEnv.init() ok /etc/httpd/conf/workers2.properties
887,888,Mon Dec 05 15:41:32 2005,error,mod_jk child workerEnv in error state 7
888,889,Mon Dec 05 15:45:42 2005,notice,jk2_init() Found child 6285 in scoreboard slot 8
889,890,Mon Dec 05 15:45:44 2005,notice,workerEnv.init() ok /etc/httpd/conf/workers2.properties
890,891,Mon Dec 05 15:45:44 2005,error,mod_jk child workerEnv in error state 6
891,892,Mon Dec 05 15:50:53 2005,notice,jk2_init() Found child 6293 in scoreboard slot 6
892,893,Mon Dec 05 15:51:18 2005,notice,jk2_init() Found child 6295 in scoreboard slot 8
893,894,Mon Dec 05 15:51:20 2005,notice,workerEnv.init() ok /etc/httpd/conf/workers2.properties
894,895,Mon Dec 05 15:51:20 2005,error,mod_jk child workerEnv in error state 7
895,896,Mon Dec 05 15:51:20 2005,notice,workerEnv.init() ok /etc/httpd/conf/workers2.properties
896,897,Mon Dec 05 15:51:20 2005,error,mod_jk child workerEnv in error state 7
897,898,Mon Dec 05 15:51:20 2005,notice,workerEnv.init() ok /etc/httpd/conf/workers2.properties
898,899,Mon Dec 05 15:51:20 2005,error,mod_jk child workerEnv in error state 6
899,900,Mon Dec 05 15:55:31 2005,notice,jk2_init() Found child 6302 in scoreboard slot 8
900,901,Mon Dec 05 15:55:32 2005,notice,workerEnv.init() ok /etc/httpd/conf/workers2.properties
901,902,Mon Dec 05 16:02:00 2005,notice,jk2_init() Found child 6315 in scoreboard slot 6
902,903,Mon Dec 05 16:02:00 2005,notice,jk2_init() Found child 6316 in scoreboard slot 7
903,904,Mon Dec 05 16:02:02 2005,notice,workerEnv.init() ok /etc/httpd/conf/workers2.properties
904,905,Mon Dec 05 16:02:02 2005,notice,workerEnv.init() ok /etc/httpd/conf/workers2.properties
905,906,Mon Dec 05 16:02:02 2005,error,mod_jk child workerEnv in error state 7
906,907,Mon Dec 05 16:02:02 2005,error,mod_jk child workerEnv in error state 6
907,908,Mon Dec 05 16:07:08 2005,notice,jk2_init() Found child 6339 in scoreboard slot 8
908,909,Mon Dec 05 16:07:08 2005,notice,jk2_init() Found child 6340 in scoreboard slot 6
909,910,Mon Dec 05 16:07:09 2005,notice,workerEnv.init() ok /etc/httpd/conf/workers2.properties
910,911,Mon Dec 05 16:07:09 2005,error,mod_jk child workerEnv in error state 7
911,912,Mon Dec 05 16:07:09 2005,notice,workerEnv.init() ok /etc/httpd/conf/workers2.properties
912,913,Mon Dec 05 16:07:09 2005,error,mod_jk child workerEnv in error state 6
913,914,Mon Dec 05 16:07:09 2005,error,mod_jk child workerEnv in error state 7
914,915,Mon Dec 05 16:10:43 2005,notice,jk2_init() Found child 6350 in scoreboard slot 7
915,916,Mon Dec 05 16:10:44 2005,error,mod_jk child workerEnv in error state 6
916,917,Mon Dec 05 16:16:34 2005,notice,jk2_init() Found child 6368 in scoreboard slot 8
917,918,Mon Dec 05 16:16:34 2005,notice,jk2_init() Found child 6367 in scoreboard slot 7
918,919,Mon Dec 05 16:16:34 2005,notice,jk2_init() Found child 6366 in scoreboard slot 6
919,920,Mon Dec 05 16:16:36 2005,notice,workerEnv.init() ok /etc/httpd/conf/workers2.properties
920,921,Mon Dec 05 16:16:36 2005,error,mod_jk child workerEnv in error state 6
921,922,Mon Dec 05 16:16:36 2005,notice,workerEnv.init() ok /etc/httpd/conf/workers2.properties
922,923,Mon Dec 05 16:16:36 2005,error,mod_jk child workerEnv in error state 6
923,924,Mon Dec 05 16:21:25 2005,notice,jk2_init() Found child 6387 in scoreboard slot 7
924,925,Mon Dec 05 16:21:25 2005,notice,jk2_init() Found child 6386 in scoreboard slot 6
925,926,Mon Dec 05 16:21:29 2005,error,mod_jk child workerEnv in error state 6
926,927,Mon Dec 05 16:21:29 2005,notice,workerEnv.init() ok /etc/httpd/conf/workers2.properties
927,928,Mon Dec 05 16:21:29 2005,error,mod_jk child workerEnv in error state 6
928,929,Mon Dec 05 16:26:00 2005,notice,jk2_init() Found child 6398 in scoreboard slot 8
929,930,Mon Dec 05 16:26:05 2005,notice,workerEnv.init() ok /etc/httpd/conf/workers2.properties
930,931,Mon Dec 05 16:26:05 2005,notice,workerEnv.init() ok /etc/httpd/conf/workers2.properties
931,932,Mon Dec 05 16:26:05 2005,error,mod_jk child workerEnv in error state 6
932,933,Mon Dec 05 16:26:05 2005,notice,workerEnv.init() ok /etc/httpd/conf/workers2.properties
933,934,Mon Dec 05 16:31:49 2005,notice,jk2_init() Found child 6421 in scoreboard slot 7
934,935,Mon Dec 05 16:31:52 2005,notice,workerEnv.init() ok /etc/httpd/conf/workers2.properties
935,936,Mon Dec 05 16:31:52 2005,notice,workerEnv.init() ok /etc/httpd/conf/workers2.properties
936,937,Mon Dec 05 16:31:52 2005,error,mod_jk child workerEnv in error state 6
937,938,Mon Dec 05 16:31:52 2005,error,mod_jk child workerEnv in error state 6
938,939,Mon Dec 05 16:36:06 2005,notice,jk2_init() Found child 6434 in scoreboard slot 7
939,940,Mon Dec 05 16:36:06 2005,notice,jk2_init() Found child 6433 in scoreboard slot 6
940,941,Mon Dec 05 16:38:17 2005,notice,jk2_init() Found child 6443 in scoreboard slot 7
941,942,Mon Dec 05 16:38:17 2005,notice,jk2_init() Found child 6442 in scoreboard slot 6
942,943,Mon Dec 05 16:39:59 2005,notice,jk2_init() Found child 6452 in scoreboard slot 8
943,944,Mon Dec 05 16:40:06 2005,notice,workerEnv.init() ok /etc/httpd/conf/workers2.properties
944,945,Mon Dec 05 16:40:06 2005,error,mod_jk child workerEnv in error state 9
945,946,Mon Dec 05 16:40:06 2005,error,mod_jk child workerEnv in error state 6
946,947,Mon Dec 05 16:45:04 2005,error,[client 216.216.185.130] Directory index forbidden by rule: /var/www/html/
947,948,Mon Dec 05 17:31:41 2005,error,mod_jk child workerEnv in error state 6
948,949,Mon Dec 05 17:35:57 2005,notice,jk2_init() Found child 6568 in scoreboard slot 7
949,950,Mon Dec 05 17:40:38 2005,notice,jk2_init() Found child 6577 in scoreboard slot 7
950,951,Mon Dec 05 17:40:39 2005,error,mod_jk child workerEnv in error state 6
951,952,Mon Dec 05 17:40:39 2005,notice,workerEnv.init() ok /etc/httpd/conf/workers2.properties
952,953,Mon Dec 05 17:40:39 2005,error,mod_jk child workerEnv in error state 6
953,954,Mon Dec 05 17:46:06 2005,notice,workerEnv.init() ok /etc/httpd/conf/workers2.properties
954,955,Mon Dec 05 17:46:06 2005,error,mod_jk child workerEnv in error state 6
955,956,Mon Dec 05 17:46:06 2005,error,mod_jk child workerEnv in error state 6
956,957,Mon Dec 05 17:50:40 2005,notice,jk2_init() Found child 6594 in scoreboard slot 7
957,958,Mon Dec 05 17:50:41 2005,notice,workerEnv.init() ok /etc/httpd/conf/workers2.properties
958,959,Mon Dec 05 17:55:35 2005,notice,jk2_init() Found child 6600 in scoreboard slot 7
959,960,Mon Dec 05 17:55:35 2005,notice,workerEnv.init() ok /etc/httpd/conf/workers2.properties
960,961,Mon Dec 05 17:55:35 2005,notice,workerEnv.init() ok /etc/httpd/conf/workers2.properties
961,962,Mon Dec 05 17:55:35 2005,error,mod_jk child workerEnv in error state 6
962,963,Mon Dec 05 18:00:26 2005,notice,workerEnv.init() ok /etc/httpd/conf/workers2.properties
963,964,Mon Dec 05 18:10:56 2005,notice,jk2_init() Found child 6638 in scoreboard slot 8
964,965,Mon Dec 05 18:10:58 2005,notice,workerEnv.init() ok /etc/httpd/conf/workers2.properties
965,966,Mon Dec 05 18:15:45 2005,notice,jk2_init() Found child 6651 in scoreboard slot 8
966,967,Mon Dec 05 18:15:47 2005,notice,workerEnv.init() ok /etc/httpd/conf/workers2.properties
967,968,Mon Dec 05 18:15:47 2005,notice,workerEnv.init() ok /etc/httpd/conf/workers2.properties
968,969,Mon Dec 05 18:15:47 2005,error,mod_jk child workerEnv in error state 6
969,970,Mon Dec 05 18:20:51 2005,notice,jk2_init() Found child 6670 in scoreboard slot 7
970,971,Mon Dec 05 18:27:33 2005,notice,workerEnv.init() ok /etc/httpd/conf/workers2.properties
971,972,Mon Dec 05 18:27:37 2005,notice,jk2_init() Found child 6689 in scoreboard slot 7
972,973,Mon Dec 05 18:27:37 2005,notice,workerEnv.init() ok /etc/httpd/conf/workers2.properties
973,974,Mon Dec 05 18:27:37 2005,error,mod_jk child workerEnv in error state 7
974,975,Mon Dec 05 18:35:51 2005,notice,jk2_init() Found child 6708 in scoreboard slot 7
975,976,Mon Dec 05 18:35:53 2005,notice,workerEnv.init() ok /etc/httpd/conf/workers2.properties
976,977,Mon Dec 05 18:40:54 2005,notice,jk2_init() Found child 6719 in scoreboard slot 7
977,978,Mon Dec 05 18:40:54 2005,notice,jk2_init() Found child 6718 in scoreboard slot 8
978,979,Mon Dec 05 18:40:54 2005,error,mod_jk child workerEnv in error state 6
979,980,Mon Dec 05 18:40:54 2005,notice,workerEnv.init() ok /etc/httpd/conf/workers2.properties
980,981,Mon Dec 05 18:45:51 2005,notice,jk2_init() Found child 6725 in scoreboard slot 7
981,982,Mon Dec 05 18:45:53 2005,error,mod_jk child workerEnv in error state 6
982,983,Mon Dec 05 18:50:30 2005,notice,jk2_init() Found child 6733 in scoreboard slot 8
983,984,Mon Dec 05 18:50:31 2005,error,mod_jk child workerEnv in error state 6
984,985,Mon Dec 05 18:56:03 2005,notice,jk2_init() Found child 6741 in scoreboard slot 8
985,986,Mon Dec 05 18:56:04 2005,notice,workerEnv.init() ok /etc/httpd/conf/workers2.properties
986,987,Mon Dec 05 18:56:04 2005,error,mod_jk child workerEnv in error state 6
987,988,Mon Dec 05 18:56:04 2005,notice,workerEnv.init() ok /etc/httpd/conf/workers2.properties
988,989,Mon Dec 05 18:56:04 2005,error,mod_jk child workerEnv in error state 6
989,990,Mon Dec 05 19:00:43 2005,notice,jk2_init() Found child 6749 in scoreboard slot 7
990,991,Mon Dec 05 19:00:44 2005,notice,workerEnv.init() ok /etc/httpd/conf/workers2.properties
991,992,Mon Dec 05 19:00:44 2005,error,mod_jk child workerEnv in error state 6
992,993,Mon Dec 05 19:00:44 2005,error,mod_jk child workerEnv in error state 6
993,994,Mon Dec 05 19:00:56 2005,error,[client 68.228.3.15] Directory index forbidden by rule: /var/www/html/
994,995,Mon Dec 05 19:11:04 2005,notice,workerEnv.init() ok /etc/httpd/conf/workers2.properties
995,996,Mon Dec 05 19:14:08 2005,notice,jk2_init() Found child 6784 in scoreboard slot 8
996,997,Mon Dec 05 19:14:09 2005,error,[client 61.220.139.68] Directory index forbidden by rule: /var/www/html/
997,998,Mon Dec 05 19:14:11 2005,error,mod_jk child workerEnv in error state 6
998,999,Mon Dec 05 19:15:55 2005,notice,jk2_init() Found child 6790 in scoreboard slot 7
999,1000,Mon Dec 05 19:15:57 2005,notice,workerEnv.init() ok /etc/httpd/conf/workers2.properties
